[
{
  "model": "pybo.category",
  "pk": 1,
  "fields": {
    "name": "공지",
    "slug": "공지",
    "order": 1
  }
},
{
  "model": "pybo.category",
  "pk": 4,
  "fields": {
    "name": "자유게시판",
    "slug": "자유게시판",
    "order": 2
  }
},
{
  "model": "pybo.category",
  "pk": 3,
  "fields": {
    "name": "자료실",
    "slug": "자료실",
    "order": 3
  }
},
{
  "model": "pybo.category",
  "pk": 2,
  "fields": {
    "name": "Q&A",
    "slug": "QnA",
    "order": 4
  }
},
{
  "model": "pybo.question",
  "pk": 5,
  "fields": {
    "author": 1,
    "subject": "테스트 데이터입니다:[000]",
    "content": "내용무",
    "create_date": "2025-09-14T09:17:07.173Z",
    "modify_date": null,
    "category": 4,
    "view_count": 0,
    "accepted_answer": null,
    "attachment": "",
    "voter": [],
    "tags": []
  }
},
{
  "model": "pybo.question",
  "pk": 6,
  "fields": {
    "author": 1,
    "subject": "테스트 데이터입니다:[001]",
    "content": "내용무",
    "create_date": "2025-09-14T09:17:07.187Z",
    "modify_date": null,
    "category": 4,
    "view_count": 0,
    "accepted_answer": null,
    "attachment": "",
    "voter": [],
    "tags": []
  }
},
{
  "model": "pybo.question",
  "pk": 7,
  "fields": {
    "author": 1,
    "subject": "테스트 데이터입니다:[002]",
    "content": "내용무",
    "create_date": "2025-09-14T09:17:07.192Z",
    "modify_date": null,
    "category": 4,
    "view_count": 0,
    "accepted_answer": null,
    "attachment": "",
    "voter": [],
    "tags": []
  }
},
{
  "model": "pybo.question",
  "pk": 8,
  "fields": {
    "author": 1,
    "subject": "테스트 데이터입니다:[003]",
    "content": "내용무",
    "create_date": "2025-09-14T09:17:07.195Z",
    "modify_date": null,
    "category": 4,
    "view_count": 0,
    "accepted_answer": null,
    "attachment": "",
    "voter": [],
    "tags": []
  }
},
{
  "model": "pybo.question",
  "pk": 9,
  "fields": {
    "author": 1,
    "subject": "테스트 데이터입니다:[004]",
    "content": "내용무",
    "create_date": "2025-09-14T09:17:07.200Z",
    "modify_date": null,
    "category": 4,
    "view_count": 0,
    "accepted_answer": null,
    "attachment": "",
    "voter": [],
    "tags": []
  }
},
{
  "model": "pybo.question",
  "pk": 10,
  "fields": {
    "author": 1,
    "subject": "테스트 데이터입니다:[005]",
    "content": "내용무",
    "create_date": "2025-09-14T09:17:07.203Z",
    "modify_date": null,
    "category": 4,
    "view_count": 0,
    "accepted_answer": null,
    "attachment": "",
    "voter": [],
    "tags": []
  }
},
{
  "model": "pybo.question",
  "pk": 11,
  "fields": {
    "author": 1,
    "subject": "테스트 데이터입니다:[006]",
    "content": "내용무",
    "create_date": "2025-09-14T09:17:07.206Z",
    "modify_date": null,
    "category": 4,
    "view_count": 0,
    "accepted_answer": null,
    "attachment": "",
    "voter": [],
    "tags": []
  }
},
{
  "model": "pybo.question",
  "pk": 12,
  "fields": {
    "author": 1,
    "subject": "테스트 데이터입니다:[007]",
    "content": "내용무",
    "create_date": "2025-09-14T09:17:07.210Z",
    "modify_date": null,
    "category": 4,
    "view_count": 0,
    "accepted_answer": null,
    "attachment": "",
    "voter": [],
    "tags": []
  }
},
{
  "model": "pybo.question",
  "pk": 13,
  "fields": {
    "author": 1,
    "subject": "테스트 데이터입니다:[008]",
    "content": "내용무",
    "create_date": "2025-09-14T09:17:07.214Z",
    "modify_date": null,
    "category": 4,
    "view_count": 0,
    "accepted_answer": null,
    "attachment": "",
    "voter": [],
    "tags": []
  }
},
{
  "model": "pybo.question",
  "pk": 14,
  "fields": {
    "author": 1,
    "subject": "테스트 데이터입니다:[009]",
    "content": "내용무",
    "create_date": "2025-09-14T09:17:07.217Z",
    "modify_date": null,
    "category": 4,
    "view_count": 0,
    "accepted_answer": null,
    "attachment": "",
    "voter": [],
    "tags": []
  }
},
{
  "model": "pybo.question",
  "pk": 15,
  "fields": {
    "author": 1,
    "subject": "테스트 데이터입니다:[010]",
    "content": "내용무",
    "create_date": "2025-09-14T09:17:07.221Z",
    "modify_date": null,
    "category": 4,
    "view_count": 0,
    "accepted_answer": null,
    "attachment": "",
    "voter": [],
    "tags": []
  }
},
{
  "model": "pybo.question",
  "pk": 16,
  "fields": {
    "author": 1,
    "subject": "테스트 데이터입니다:[011]",
    "content": "내용무",
    "create_date": "2025-09-14T09:17:07.225Z",
    "modify_date": null,
    "category": 4,
    "view_count": 0,
    "accepted_answer": null,
    "attachment": "",
    "voter": [],
    "tags": []
  }
},
{
  "model": "pybo.question",
  "pk": 17,
  "fields": {
    "author": 1,
    "subject": "테스트 데이터입니다:[012]",
    "content": "내용무",
    "create_date": "2025-09-14T09:17:07.228Z",
    "modify_date": null,
    "category": 4,
    "view_count": 0,
    "accepted_answer": null,
    "attachment": "",
    "voter": [],
    "tags": []
  }
},
{
  "model": "pybo.question",
  "pk": 18,
  "fields": {
    "author": 1,
    "subject": "테스트 데이터입니다:[013]",
    "content": "내용무",
    "create_date": "2025-09-14T09:17:07.231Z",
    "modify_date": null,
    "category": 4,
    "view_count": 0,
    "accepted_answer": null,
    "attachment": "",
    "voter": [],
    "tags": []
  }
},
{
  "model": "pybo.question",
  "pk": 19,
  "fields": {
    "author": 1,
    "subject": "테스트 데이터입니다:[014]",
    "content": "내용무",
    "create_date": "2025-09-14T09:17:07.235Z",
    "modify_date": null,
    "category": 4,
    "view_count": 0,
    "accepted_answer": null,
    "attachment": "",
    "voter": [],
    "tags": []
  }
},
{
  "model": "pybo.question",
  "pk": 20,
  "fields": {
    "author": 1,
    "subject": "테스트 데이터입니다:[015]",
    "content": "내용무",
    "create_date": "2025-09-14T09:17:07.238Z",
    "modify_date": null,
    "category": 4,
    "view_count": 0,
    "accepted_answer": null,
    "attachment": "",
    "voter": [],
    "tags": []
  }
},
{
  "model": "pybo.question",
  "pk": 21,
  "fields": {
    "author": 1,
    "subject": "테스트 데이터입니다:[016]",
    "content": "내용무",
    "create_date": "2025-09-14T09:17:07.242Z",
    "modify_date": null,
    "category": 4,
    "view_count": 0,
    "accepted_answer": null,
    "attachment": "",
    "voter": [],
    "tags": []
  }
},
{
  "model": "pybo.question",
  "pk": 22,
  "fields": {
    "author": 1,
    "subject": "테스트 데이터입니다:[017]",
    "content": "내용무",
    "create_date": "2025-09-14T09:17:07.246Z",
    "modify_date": null,
    "category": 4,
    "view_count": 0,
    "accepted_answer": null,
    "attachment": "",
    "voter": [],
    "tags": []
  }
},
{
  "model": "pybo.question",
  "pk": 23,
  "fields": {
    "author": 1,
    "subject": "테스트 데이터입니다:[018]",
    "content": "내용무",
    "create_date": "2025-09-14T09:17:07.249Z",
    "modify_date": null,
    "category": 4,
    "view_count": 0,
    "accepted_answer": null,
    "attachment": "",
    "voter": [],
    "tags": []
  }
},
{
  "model": "pybo.question",
  "pk": 24,
  "fields": {
    "author": 1,
    "subject": "테스트 데이터입니다:[019]",
    "content": "내용무",
    "create_date": "2025-09-14T09:17:07.253Z",
    "modify_date": null,
    "category": 4,
    "view_count": 0,
    "accepted_answer": null,
    "attachment": "",
    "voter": [],
    "tags": []
  }
},
{
  "model": "pybo.question",
  "pk": 25,
  "fields": {
    "author": 1,
    "subject": "테스트 데이터입니다:[020]",
    "content": "내용무",
    "create_date": "2025-09-14T09:17:07.256Z",
    "modify_date": null,
    "category": 4,
    "view_count": 0,
    "accepted_answer": null,
    "attachment": "",
    "voter": [],
    "tags": []
  }
},
{
  "model": "pybo.question",
  "pk": 26,
  "fields": {
    "author": 1,
    "subject": "테스트 데이터입니다:[021]",
    "content": "내용무",
    "create_date": "2025-09-14T09:17:07.260Z",
    "modify_date": null,
    "category": 4,
    "view_count": 0,
    "accepted_answer": null,
    "attachment": "",
    "voter": [],
    "tags": []
  }
},
{
  "model": "pybo.question",
  "pk": 27,
  "fields": {
    "author": 1,
    "subject": "테스트 데이터입니다:[022]",
    "content": "내용무",
    "create_date": "2025-09-14T09:17:07.263Z",
    "modify_date": null,
    "category": 4,
    "view_count": 0,
    "accepted_answer": null,
    "attachment": "",
    "voter": [],
    "tags": []
  }
},
{
  "model": "pybo.question",
  "pk": 28,
  "fields": {
    "author": 1,
    "subject": "테스트 데이터입니다:[023]",
    "content": "내용무",
    "create_date": "2025-09-14T09:17:07.267Z",
    "modify_date": null,
    "category": 4,
    "view_count": 0,
    "accepted_answer": null,
    "attachment": "",
    "voter": [],
    "tags": []
  }
},
{
  "model": "pybo.question",
  "pk": 29,
  "fields": {
    "author": 1,
    "subject": "테스트 데이터입니다:[024]",
    "content": "내용무",
    "create_date": "2025-09-14T09:17:07.270Z",
    "modify_date": null,
    "category": 4,
    "view_count": 0,
    "accepted_answer": null,
    "attachment": "",
    "voter": [],
    "tags": []
  }
},
{
  "model": "pybo.question",
  "pk": 30,
  "fields": {
    "author": 1,
    "subject": "테스트 데이터입니다:[025]",
    "content": "내용무",
    "create_date": "2025-09-14T09:17:07.273Z",
    "modify_date": null,
    "category": 4,
    "view_count": 0,
    "accepted_answer": null,
    "attachment": "",
    "voter": [],
    "tags": []
  }
},
{
  "model": "pybo.question",
  "pk": 31,
  "fields": {
    "author": 1,
    "subject": "테스트 데이터입니다:[026]",
    "content": "내용무",
    "create_date": "2025-09-14T09:17:07.277Z",
    "modify_date": null,
    "category": 4,
    "view_count": 0,
    "accepted_answer": null,
    "attachment": "",
    "voter": [],
    "tags": []
  }
},
{
  "model": "pybo.question",
  "pk": 32,
  "fields": {
    "author": 1,
    "subject": "테스트 데이터입니다:[027]",
    "content": "내용무",
    "create_date": "2025-09-14T09:17:07.281Z",
    "modify_date": null,
    "category": 4,
    "view_count": 0,
    "accepted_answer": null,
    "attachment": "",
    "voter": [],
    "tags": []
  }
},
{
  "model": "pybo.question",
  "pk": 33,
  "fields": {
    "author": 1,
    "subject": "테스트 데이터입니다:[028]",
    "content": "내용무",
    "create_date": "2025-09-14T09:17:07.284Z",
    "modify_date": null,
    "category": 4,
    "view_count": 0,
    "accepted_answer": null,
    "attachment": "",
    "voter": [],
    "tags": []
  }
},
{
  "model": "pybo.question",
  "pk": 34,
  "fields": {
    "author": 1,
    "subject": "테스트 데이터입니다:[029]",
    "content": "내용무",
    "create_date": "2025-09-14T09:17:07.288Z",
    "modify_date": null,
    "category": 4,
    "view_count": 0,
    "accepted_answer": null,
    "attachment": "",
    "voter": [],
    "tags": []
  }
},
{
  "model": "pybo.question",
  "pk": 35,
  "fields": {
    "author": 1,
    "subject": "테스트 데이터입니다:[030]",
    "content": "내용무",
    "create_date": "2025-09-14T09:17:07.291Z",
    "modify_date": null,
    "category": 4,
    "view_count": 0,
    "accepted_answer": null,
    "attachment": "",
    "voter": [],
    "tags": []
  }
},
{
  "model": "pybo.question",
  "pk": 36,
  "fields": {
    "author": 1,
    "subject": "테스트 데이터입니다:[031]",
    "content": "내용무",
    "create_date": "2025-09-14T09:17:07.295Z",
    "modify_date": null,
    "category": 4,
    "view_count": 0,
    "accepted_answer": null,
    "attachment": "",
    "voter": [],
    "tags": []
  }
},
{
  "model": "pybo.question",
  "pk": 37,
  "fields": {
    "author": 1,
    "subject": "테스트 데이터입니다:[032]",
    "content": "내용무",
    "create_date": "2025-09-14T09:17:07.298Z",
    "modify_date": null,
    "category": 4,
    "view_count": 0,
    "accepted_answer": null,
    "attachment": "",
    "voter": [],
    "tags": []
  }
},
{
  "model": "pybo.question",
  "pk": 38,
  "fields": {
    "author": 1,
    "subject": "테스트 데이터입니다:[033]",
    "content": "내용무",
    "create_date": "2025-09-14T09:17:07.302Z",
    "modify_date": null,
    "category": 4,
    "view_count": 0,
    "accepted_answer": null,
    "attachment": "",
    "voter": [],
    "tags": []
  }
},
{
  "model": "pybo.question",
  "pk": 39,
  "fields": {
    "author": 1,
    "subject": "테스트 데이터입니다:[034]",
    "content": "내용무",
    "create_date": "2025-09-14T09:17:07.305Z",
    "modify_date": null,
    "category": 4,
    "view_count": 0,
    "accepted_answer": null,
    "attachment": "",
    "voter": [],
    "tags": []
  }
},
{
  "model": "pybo.question",
  "pk": 40,
  "fields": {
    "author": 1,
    "subject": "테스트 데이터입니다:[035]",
    "content": "내용무",
    "create_date": "2025-09-14T09:17:07.309Z",
    "modify_date": null,
    "category": 4,
    "view_count": 0,
    "accepted_answer": null,
    "attachment": "",
    "voter": [],
    "tags": []
  }
},
{
  "model": "pybo.question",
  "pk": 41,
  "fields": {
    "author": 1,
    "subject": "테스트 데이터입니다:[036]",
    "content": "내용무",
    "create_date": "2025-09-14T09:17:07.312Z",
    "modify_date": null,
    "category": 4,
    "view_count": 0,
    "accepted_answer": null,
    "attachment": "",
    "voter": [],
    "tags": []
  }
},
{
  "model": "pybo.question",
  "pk": 42,
  "fields": {
    "author": 1,
    "subject": "테스트 데이터입니다:[037]",
    "content": "내용무",
    "create_date": "2025-09-14T09:17:07.316Z",
    "modify_date": null,
    "category": 4,
    "view_count": 0,
    "accepted_answer": null,
    "attachment": "",
    "voter": [],
    "tags": []
  }
},
{
  "model": "pybo.question",
  "pk": 43,
  "fields": {
    "author": 1,
    "subject": "테스트 데이터입니다:[038]",
    "content": "내용무",
    "create_date": "2025-09-14T09:17:07.320Z",
    "modify_date": null,
    "category": 4,
    "view_count": 0,
    "accepted_answer": null,
    "attachment": "",
    "voter": [],
    "tags": []
  }
},
{
  "model": "pybo.question",
  "pk": 44,
  "fields": {
    "author": 1,
    "subject": "테스트 데이터입니다:[039]",
    "content": "내용무",
    "create_date": "2025-09-14T09:17:07.323Z",
    "modify_date": null,
    "category": 4,
    "view_count": 0,
    "accepted_answer": null,
    "attachment": "",
    "voter": [],
    "tags": []
  }
},
{
  "model": "pybo.question",
  "pk": 45,
  "fields": {
    "author": 1,
    "subject": "테스트 데이터입니다:[040]",
    "content": "내용무",
    "create_date": "2025-09-14T09:17:07.327Z",
    "modify_date": null,
    "category": 4,
    "view_count": 0,
    "accepted_answer": null,
    "attachment": "",
    "voter": [],
    "tags": []
  }
},
{
  "model": "pybo.question",
  "pk": 46,
  "fields": {
    "author": 1,
    "subject": "테스트 데이터입니다:[041]",
    "content": "내용무",
    "create_date": "2025-09-14T09:17:07.331Z",
    "modify_date": null,
    "category": 4,
    "view_count": 0,
    "accepted_answer": null,
    "attachment": "",
    "voter": [],
    "tags": []
  }
},
{
  "model": "pybo.question",
  "pk": 47,
  "fields": {
    "author": 1,
    "subject": "테스트 데이터입니다:[042]",
    "content": "내용무",
    "create_date": "2025-09-14T09:17:07.334Z",
    "modify_date": null,
    "category": 4,
    "view_count": 0,
    "accepted_answer": null,
    "attachment": "",
    "voter": [],
    "tags": []
  }
},
{
  "model": "pybo.question",
  "pk": 48,
  "fields": {
    "author": 1,
    "subject": "테스트 데이터입니다:[043]",
    "content": "내용무",
    "create_date": "2025-09-14T09:17:07.338Z",
    "modify_date": null,
    "category": 4,
    "view_count": 0,
    "accepted_answer": null,
    "attachment": "",
    "voter": [],
    "tags": []
  }
},
{
  "model": "pybo.question",
  "pk": 49,
  "fields": {
    "author": 1,
    "subject": "테스트 데이터입니다:[044]",
    "content": "내용무",
    "create_date": "2025-09-14T09:17:07.341Z",
    "modify_date": null,
    "category": 4,
    "view_count": 0,
    "accepted_answer": null,
    "attachment": "",
    "voter": [],
    "tags": []
  }
},
{
  "model": "pybo.question",
  "pk": 50,
  "fields": {
    "author": 1,
    "subject": "테스트 데이터입니다:[045]",
    "content": "내용무",
    "create_date": "2025-09-14T09:17:07.346Z",
    "modify_date": null,
    "category": 4,
    "view_count": 0,
    "accepted_answer": null,
    "attachment": "",
    "voter": [],
    "tags": []
  }
},
{
  "model": "pybo.question",
  "pk": 51,
  "fields": {
    "author": 1,
    "subject": "테스트 데이터입니다:[046]",
    "content": "내용무",
    "create_date": "2025-09-14T09:17:07.349Z",
    "modify_date": null,
    "category": 4,
    "view_count": 0,
    "accepted_answer": null,
    "attachment": "",
    "voter": [],
    "tags": []
  }
},
{
  "model": "pybo.question",
  "pk": 52,
  "fields": {
    "author": 1,
    "subject": "테스트 데이터입니다:[047]",
    "content": "내용무",
    "create_date": "2025-09-14T09:17:07.353Z",
    "modify_date": null,
    "category": 4,
    "view_count": 0,
    "accepted_answer": null,
    "attachment": "",
    "voter": [],
    "tags": []
  }
},
{
  "model": "pybo.question",
  "pk": 53,
  "fields": {
    "author": 1,
    "subject": "테스트 데이터입니다:[048]",
    "content": "내용무",
    "create_date": "2025-09-14T09:17:07.357Z",
    "modify_date": null,
    "category": 4,
    "view_count": 0,
    "accepted_answer": null,
    "attachment": "",
    "voter": [],
    "tags": []
  }
},
{
  "model": "pybo.question",
  "pk": 54,
  "fields": {
    "author": 1,
    "subject": "테스트 데이터입니다:[049]",
    "content": "내용무",
    "create_date": "2025-09-14T09:17:07.360Z",
    "modify_date": null,
    "category": 4,
    "view_count": 0,
    "accepted_answer": null,
    "attachment": "",
    "voter": [],
    "tags": []
  }
},
{
  "model": "pybo.question",
  "pk": 55,
  "fields": {
    "author": 1,
    "subject": "테스트 데이터입니다:[050]",
    "content": "내용무",
    "create_date": "2025-09-14T09:17:07.364Z",
    "modify_date": null,
    "category": 4,
    "view_count": 0,
    "accepted_answer": null,
    "attachment": "",
    "voter": [],
    "tags": []
  }
},
{
  "model": "pybo.question",
  "pk": 56,
  "fields": {
    "author": 1,
    "subject": "테스트 데이터입니다:[051]",
    "content": "내용무",
    "create_date": "2025-09-14T09:17:07.367Z",
    "modify_date": null,
    "category": 4,
    "view_count": 0,
    "accepted_answer": null,
    "attachment": "",
    "voter": [],
    "tags": []
  }
},
{
  "model": "pybo.question",
  "pk": 57,
  "fields": {
    "author": 1,
    "subject": "테스트 데이터입니다:[052]",
    "content": "내용무",
    "create_date": "2025-09-14T09:17:07.370Z",
    "modify_date": null,
    "category": 4,
    "view_count": 0,
    "accepted_answer": null,
    "attachment": "",
    "voter": [],
    "tags": []
  }
},
{
  "model": "pybo.question",
  "pk": 58,
  "fields": {
    "author": 1,
    "subject": "테스트 데이터입니다:[053]",
    "content": "내용무",
    "create_date": "2025-09-14T09:17:07.374Z",
    "modify_date": null,
    "category": 4,
    "view_count": 0,
    "accepted_answer": null,
    "attachment": "",
    "voter": [],
    "tags": []
  }
},
{
  "model": "pybo.question",
  "pk": 59,
  "fields": {
    "author": 1,
    "subject": "테스트 데이터입니다:[054]",
    "content": "내용무",
    "create_date": "2025-09-14T09:17:07.378Z",
    "modify_date": null,
    "category": 4,
    "view_count": 0,
    "accepted_answer": null,
    "attachment": "",
    "voter": [],
    "tags": []
  }
},
{
  "model": "pybo.question",
  "pk": 60,
  "fields": {
    "author": 1,
    "subject": "테스트 데이터입니다:[055]",
    "content": "내용무",
    "create_date": "2025-09-14T09:17:07.381Z",
    "modify_date": null,
    "category": 4,
    "view_count": 0,
    "accepted_answer": null,
    "attachment": "",
    "voter": [],
    "tags": []
  }
},
{
  "model": "pybo.question",
  "pk": 61,
  "fields": {
    "author": 1,
    "subject": "테스트 데이터입니다:[056]",
    "content": "내용무",
    "create_date": "2025-09-14T09:17:07.385Z",
    "modify_date": null,
    "category": 4,
    "view_count": 0,
    "accepted_answer": null,
    "attachment": "",
    "voter": [],
    "tags": []
  }
},
{
  "model": "pybo.question",
  "pk": 62,
  "fields": {
    "author": 1,
    "subject": "테스트 데이터입니다:[057]",
    "content": "내용무",
    "create_date": "2025-09-14T09:17:07.388Z",
    "modify_date": null,
    "category": 4,
    "view_count": 0,
    "accepted_answer": null,
    "attachment": "",
    "voter": [],
    "tags": []
  }
},
{
  "model": "pybo.question",
  "pk": 63,
  "fields": {
    "author": 1,
    "subject": "테스트 데이터입니다:[058]",
    "content": "내용무",
    "create_date": "2025-09-14T09:17:07.391Z",
    "modify_date": null,
    "category": 4,
    "view_count": 0,
    "accepted_answer": null,
    "attachment": "",
    "voter": [],
    "tags": []
  }
},
{
  "model": "pybo.question",
  "pk": 64,
  "fields": {
    "author": 1,
    "subject": "테스트 데이터입니다:[059]",
    "content": "내용무",
    "create_date": "2025-09-14T09:17:07.395Z",
    "modify_date": null,
    "category": 4,
    "view_count": 0,
    "accepted_answer": null,
    "attachment": "",
    "voter": [],
    "tags": []
  }
},
{
  "model": "pybo.question",
  "pk": 65,
  "fields": {
    "author": 1,
    "subject": "테스트 데이터입니다:[060]",
    "content": "내용무",
    "create_date": "2025-09-14T09:17:07.398Z",
    "modify_date": null,
    "category": 4,
    "view_count": 0,
    "accepted_answer": null,
    "attachment": "",
    "voter": [],
    "tags": []
  }
},
{
  "model": "pybo.question",
  "pk": 66,
  "fields": {
    "author": 1,
    "subject": "테스트 데이터입니다:[061]",
    "content": "내용무",
    "create_date": "2025-09-14T09:17:07.402Z",
    "modify_date": null,
    "category": 4,
    "view_count": 0,
    "accepted_answer": null,
    "attachment": "",
    "voter": [],
    "tags": []
  }
},
{
  "model": "pybo.question",
  "pk": 67,
  "fields": {
    "author": 1,
    "subject": "테스트 데이터입니다:[062]",
    "content": "내용무",
    "create_date": "2025-09-14T09:17:07.405Z",
    "modify_date": null,
    "category": 4,
    "view_count": 0,
    "accepted_answer": null,
    "attachment": "",
    "voter": [],
    "tags": []
  }
},
{
  "model": "pybo.question",
  "pk": 68,
  "fields": {
    "author": 1,
    "subject": "테스트 데이터입니다:[063]",
    "content": "내용무",
    "create_date": "2025-09-14T09:17:07.409Z",
    "modify_date": null,
    "category": 4,
    "view_count": 0,
    "accepted_answer": null,
    "attachment": "",
    "voter": [],
    "tags": []
  }
},
{
  "model": "pybo.question",
  "pk": 69,
  "fields": {
    "author": 1,
    "subject": "테스트 데이터입니다:[064]",
    "content": "내용무",
    "create_date": "2025-09-14T09:17:07.413Z",
    "modify_date": null,
    "category": 4,
    "view_count": 0,
    "accepted_answer": null,
    "attachment": "",
    "voter": [],
    "tags": []
  }
},
{
  "model": "pybo.question",
  "pk": 70,
  "fields": {
    "author": 1,
    "subject": "테스트 데이터입니다:[065]",
    "content": "내용무",
    "create_date": "2025-09-14T09:17:07.416Z",
    "modify_date": null,
    "category": 4,
    "view_count": 0,
    "accepted_answer": null,
    "attachment": "",
    "voter": [],
    "tags": []
  }
},
{
  "model": "pybo.question",
  "pk": 71,
  "fields": {
    "author": 1,
    "subject": "테스트 데이터입니다:[066]",
    "content": "내용무",
    "create_date": "2025-09-14T09:17:07.419Z",
    "modify_date": null,
    "category": 4,
    "view_count": 0,
    "accepted_answer": null,
    "attachment": "",
    "voter": [],
    "tags": []
  }
},
{
  "model": "pybo.question",
  "pk": 72,
  "fields": {
    "author": 1,
    "subject": "테스트 데이터입니다:[067]",
    "content": "내용무",
    "create_date": "2025-09-14T09:17:07.423Z",
    "modify_date": null,
    "category": 4,
    "view_count": 0,
    "accepted_answer": null,
    "attachment": "",
    "voter": [],
    "tags": []
  }
},
{
  "model": "pybo.question",
  "pk": 73,
  "fields": {
    "author": 1,
    "subject": "테스트 데이터입니다:[068]",
    "content": "내용무",
    "create_date": "2025-09-14T09:17:07.426Z",
    "modify_date": null,
    "category": 4,
    "view_count": 0,
    "accepted_answer": null,
    "attachment": "",
    "voter": [],
    "tags": []
  }
},
{
  "model": "pybo.question",
  "pk": 74,
  "fields": {
    "author": 1,
    "subject": "테스트 데이터입니다:[069]",
    "content": "내용무",
    "create_date": "2025-09-14T09:17:07.430Z",
    "modify_date": null,
    "category": 4,
    "view_count": 0,
    "accepted_answer": null,
    "attachment": "",
    "voter": [],
    "tags": []
  }
},
{
  "model": "pybo.question",
  "pk": 75,
  "fields": {
    "author": 1,
    "subject": "테스트 데이터입니다:[070]",
    "content": "내용무",
    "create_date": "2025-09-14T09:17:07.433Z",
    "modify_date": null,
    "category": 4,
    "view_count": 0,
    "accepted_answer": null,
    "attachment": "",
    "voter": [],
    "tags": []
  }
},
{
  "model": "pybo.question",
  "pk": 76,
  "fields": {
    "author": 1,
    "subject": "테스트 데이터입니다:[071]",
    "content": "내용무",
    "create_date": "2025-09-14T09:17:07.437Z",
    "modify_date": null,
    "category": 4,
    "view_count": 0,
    "accepted_answer": null,
    "attachment": "",
    "voter": [],
    "tags": []
  }
},
{
  "model": "pybo.question",
  "pk": 77,
  "fields": {
    "author": 1,
    "subject": "테스트 데이터입니다:[072]",
    "content": "내용무",
    "create_date": "2025-09-14T09:17:07.440Z",
    "modify_date": null,
    "category": 4,
    "view_count": 0,
    "accepted_answer": null,
    "attachment": "",
    "voter": [],
    "tags": []
  }
},
{
  "model": "pybo.question",
  "pk": 78,
  "fields": {
    "author": 1,
    "subject": "테스트 데이터입니다:[073]",
    "content": "내용무",
    "create_date": "2025-09-14T09:17:07.444Z",
    "modify_date": null,
    "category": 4,
    "view_count": 0,
    "accepted_answer": null,
    "attachment": "",
    "voter": [],
    "tags": []
  }
},
{
  "model": "pybo.question",
  "pk": 79,
  "fields": {
    "author": 1,
    "subject": "테스트 데이터입니다:[074]",
    "content": "내용무",
    "create_date": "2025-09-14T09:17:07.447Z",
    "modify_date": null,
    "category": 4,
    "view_count": 0,
    "accepted_answer": null,
    "attachment": "",
    "voter": [],
    "tags": []
  }
},
{
  "model": "pybo.question",
  "pk": 80,
  "fields": {
    "author": 1,
    "subject": "테스트 데이터입니다:[075]",
    "content": "내용무",
    "create_date": "2025-09-14T09:17:07.451Z",
    "modify_date": null,
    "category": 4,
    "view_count": 0,
    "accepted_answer": null,
    "attachment": "",
    "voter": [],
    "tags": []
  }
},
{
  "model": "pybo.question",
  "pk": 81,
  "fields": {
    "author": 1,
    "subject": "테스트 데이터입니다:[076]",
    "content": "내용무",
    "create_date": "2025-09-14T09:17:07.454Z",
    "modify_date": null,
    "category": 4,
    "view_count": 0,
    "accepted_answer": null,
    "attachment": "",
    "voter": [],
    "tags": []
  }
},
{
  "model": "pybo.question",
  "pk": 82,
  "fields": {
    "author": 1,
    "subject": "테스트 데이터입니다:[077]",
    "content": "내용무",
    "create_date": "2025-09-14T09:17:07.458Z",
    "modify_date": null,
    "category": 4,
    "view_count": 0,
    "accepted_answer": null,
    "attachment": "",
    "voter": [],
    "tags": []
  }
},
{
  "model": "pybo.question",
  "pk": 83,
  "fields": {
    "author": 1,
    "subject": "테스트 데이터입니다:[078]",
    "content": "내용무",
    "create_date": "2025-09-14T09:17:07.461Z",
    "modify_date": null,
    "category": 4,
    "view_count": 0,
    "accepted_answer": null,
    "attachment": "",
    "voter": [],
    "tags": []
  }
},
{
  "model": "pybo.question",
  "pk": 84,
  "fields": {
    "author": 1,
    "subject": "테스트 데이터입니다:[079]",
    "content": "내용무",
    "create_date": "2025-09-14T09:17:07.465Z",
    "modify_date": null,
    "category": 4,
    "view_count": 0,
    "accepted_answer": null,
    "attachment": "",
    "voter": [],
    "tags": []
  }
},
{
  "model": "pybo.question",
  "pk": 85,
  "fields": {
    "author": 1,
    "subject": "테스트 데이터입니다:[080]",
    "content": "내용무",
    "create_date": "2025-09-14T09:17:07.469Z",
    "modify_date": null,
    "category": 4,
    "view_count": 0,
    "accepted_answer": null,
    "attachment": "",
    "voter": [],
    "tags": []
  }
},
{
  "model": "pybo.question",
  "pk": 86,
  "fields": {
    "author": 1,
    "subject": "테스트 데이터입니다:[081]",
    "content": "내용무",
    "create_date": "2025-09-14T09:17:07.472Z",
    "modify_date": null,
    "category": 4,
    "view_count": 0,
    "accepted_answer": null,
    "attachment": "",
    "voter": [],
    "tags": []
  }
},
{
  "model": "pybo.question",
  "pk": 87,
  "fields": {
    "author": 1,
    "subject": "테스트 데이터입니다:[082]",
    "content": "내용무",
    "create_date": "2025-09-14T09:17:07.476Z",
    "modify_date": null,
    "category": 4,
    "view_count": 0,
    "accepted_answer": null,
    "attachment": "",
    "voter": [],
    "tags": []
  }
},
{
  "model": "pybo.question",
  "pk": 88,
  "fields": {
    "author": 1,
    "subject": "테스트 데이터입니다:[083]",
    "content": "내용무",
    "create_date": "2025-09-14T09:17:07.480Z",
    "modify_date": null,
    "category": 4,
    "view_count": 0,
    "accepted_answer": null,
    "attachment": "",
    "voter": [],
    "tags": []
  }
},
{
  "model": "pybo.question",
  "pk": 89,
  "fields": {
    "author": 1,
    "subject": "테스트 데이터입니다:[084]",
    "content": "내용무",
    "create_date": "2025-09-14T09:17:07.483Z",
    "modify_date": null,
    "category": 4,
    "view_count": 0,
    "accepted_answer": null,
    "attachment": "",
    "voter": [],
    "tags": []
  }
},
{
  "model": "pybo.question",
  "pk": 90,
  "fields": {
    "author": 1,
    "subject": "테스트 데이터입니다:[085]",
    "content": "내용무",
    "create_date": "2025-09-14T09:17:07.486Z",
    "modify_date": null,
    "category": 4,
    "view_count": 0,
    "accepted_answer": null,
    "attachment": "",
    "voter": [],
    "tags": []
  }
},
{
  "model": "pybo.question",
  "pk": 91,
  "fields": {
    "author": 1,
    "subject": "테스트 데이터입니다:[086]",
    "content": "내용무",
    "create_date": "2025-09-14T09:17:07.490Z",
    "modify_date": null,
    "category": 4,
    "view_count": 0,
    "accepted_answer": null,
    "attachment": "",
    "voter": [],
    "tags": []
  }
},
{
  "model": "pybo.question",
  "pk": 92,
  "fields": {
    "author": 1,
    "subject": "테스트 데이터입니다:[087]",
    "content": "내용무",
    "create_date": "2025-09-14T09:17:07.494Z",
    "modify_date": null,
    "category": 4,
    "view_count": 0,
    "accepted_answer": null,
    "attachment": "",
    "voter": [],
    "tags": []
  }
},
{
  "model": "pybo.question",
  "pk": 93,
  "fields": {
    "author": 1,
    "subject": "테스트 데이터입니다:[088]",
    "content": "내용무",
    "create_date": "2025-09-14T09:17:07.497Z",
    "modify_date": null,
    "category": 4,
    "view_count": 0,
    "accepted_answer": null,
    "attachment": "",
    "voter": [],
    "tags": []
  }
},
{
  "model": "pybo.question",
  "pk": 94,
  "fields": {
    "author": 1,
    "subject": "테스트 데이터입니다:[089]",
    "content": "내용무",
    "create_date": "2025-09-14T09:17:07.501Z",
    "modify_date": null,
    "category": 4,
    "view_count": 0,
    "accepted_answer": null,
    "attachment": "",
    "voter": [],
    "tags": []
  }
},
{
  "model": "pybo.question",
  "pk": 95,
  "fields": {
    "author": 1,
    "subject": "테스트 데이터입니다:[090]",
    "content": "내용무",
    "create_date": "2025-09-14T09:17:07.505Z",
    "modify_date": null,
    "category": 4,
    "view_count": 0,
    "accepted_answer": null,
    "attachment": "",
    "voter": [],
    "tags": []
  }
},
{
  "model": "pybo.question",
  "pk": 96,
  "fields": {
    "author": 1,
    "subject": "테스트 데이터입니다:[091]",
    "content": "내용무",
    "create_date": "2025-09-14T09:17:07.509Z",
    "modify_date": null,
    "category": 4,
    "view_count": 0,
    "accepted_answer": null,
    "attachment": "",
    "voter": [],
    "tags": []
  }
},
{
  "model": "pybo.question",
  "pk": 97,
  "fields": {
    "author": 1,
    "subject": "테스트 데이터입니다:[092]",
    "content": "내용무",
    "create_date": "2025-09-14T09:17:07.512Z",
    "modify_date": null,
    "category": 4,
    "view_count": 0,
    "accepted_answer": null,
    "attachment": "",
    "voter": [],
    "tags": []
  }
},
{
  "model": "pybo.question",
  "pk": 98,
  "fields": {
    "author": 1,
    "subject": "테스트 데이터입니다:[093]",
    "content": "내용무",
    "create_date": "2025-09-14T09:17:07.515Z",
    "modify_date": null,
    "category": 4,
    "view_count": 0,
    "accepted_answer": null,
    "attachment": "",
    "voter": [],
    "tags": []
  }
},
{
  "model": "pybo.question",
  "pk": 99,
  "fields": {
    "author": 1,
    "subject": "테스트 데이터입니다:[094]",
    "content": "내용무",
    "create_date": "2025-09-14T09:17:07.519Z",
    "modify_date": null,
    "category": 4,
    "view_count": 0,
    "accepted_answer": null,
    "attachment": "",
    "voter": [],
    "tags": []
  }
},
{
  "model": "pybo.question",
  "pk": 100,
  "fields": {
    "author": 1,
    "subject": "테스트 데이터입니다:[095]",
    "content": "내용무",
    "create_date": "2025-09-14T09:17:07.522Z",
    "modify_date": null,
    "category": 4,
    "view_count": 0,
    "accepted_answer": null,
    "attachment": "",
    "voter": [],
    "tags": []
  }
},
{
  "model": "pybo.question",
  "pk": 101,
  "fields": {
    "author": 1,
    "subject": "테스트 데이터입니다:[096]",
    "content": "내용무",
    "create_date": "2025-09-14T09:17:07.526Z",
    "modify_date": null,
    "category": 4,
    "view_count": 0,
    "accepted_answer": null,
    "attachment": "",
    "voter": [],
    "tags": []
  }
},
{
  "model": "pybo.question",
  "pk": 102,
  "fields": {
    "author": 1,
    "subject": "테스트 데이터입니다:[097]",
    "content": "내용무",
    "create_date": "2025-09-14T09:17:07.529Z",
    "modify_date": null,
    "category": 4,
    "view_count": 0,
    "accepted_answer": null,
    "attachment": "",
    "voter": [],
    "tags": []
  }
},
{
  "model": "pybo.question",
  "pk": 103,
  "fields": {
    "author": 1,
    "subject": "테스트 데이터입니다:[098]",
    "content": "내용무",
    "create_date": "2025-09-14T09:17:07.533Z",
    "modify_date": null,
    "category": 4,
    "view_count": 0,
    "accepted_answer": null,
    "attachment": "",
    "voter": [],
    "tags": []
  }
},
{
  "model": "pybo.question",
  "pk": 104,
  "fields": {
    "author": 1,
    "subject": "테스트 데이터입니다:[099]",
    "content": "내용무",
    "create_date": "2025-09-14T09:17:07.536Z",
    "modify_date": null,
    "category": 4,
    "view_count": 0,
    "accepted_answer": null,
    "attachment": "",
    "voter": [],
    "tags": []
  }
},
{
  "model": "pybo.question",
  "pk": 105,
  "fields": {
    "author": 1,
    "subject": "테스트 데이터입니다:[100]",
    "content": "내용무",
    "create_date": "2025-09-14T09:17:07.540Z",
    "modify_date": null,
    "category": 4,
    "view_count": 0,
    "accepted_answer": null,
    "attachment": "",
    "voter": [],
    "tags": []
  }
},
{
  "model": "pybo.question",
  "pk": 106,
  "fields": {
    "author": 1,
    "subject": "테스트 데이터입니다:[101]",
    "content": "내용무",
    "create_date": "2025-09-14T09:17:07.543Z",
    "modify_date": null,
    "category": 4,
    "view_count": 0,
    "accepted_answer": null,
    "attachment": "",
    "voter": [],
    "tags": []
  }
},
{
  "model": "pybo.question",
  "pk": 107,
  "fields": {
    "author": 1,
    "subject": "테스트 데이터입니다:[102]",
    "content": "내용무",
    "create_date": "2025-09-14T09:17:07.546Z",
    "modify_date": null,
    "category": 4,
    "view_count": 0,
    "accepted_answer": null,
    "attachment": "",
    "voter": [],
    "tags": []
  }
},
{
  "model": "pybo.question",
  "pk": 108,
  "fields": {
    "author": 1,
    "subject": "테스트 데이터입니다:[103]",
    "content": "내용무",
    "create_date": "2025-09-14T09:17:07.550Z",
    "modify_date": null,
    "category": 4,
    "view_count": 0,
    "accepted_answer": null,
    "attachment": "",
    "voter": [],
    "tags": []
  }
},
{
  "model": "pybo.question",
  "pk": 109,
  "fields": {
    "author": 1,
    "subject": "테스트 데이터입니다:[104]",
    "content": "내용무",
    "create_date": "2025-09-14T09:17:07.553Z",
    "modify_date": null,
    "category": 4,
    "view_count": 0,
    "accepted_answer": null,
    "attachment": "",
    "voter": [],
    "tags": []
  }
},
{
  "model": "pybo.question",
  "pk": 110,
  "fields": {
    "author": 1,
    "subject": "테스트 데이터입니다:[105]",
    "content": "내용무",
    "create_date": "2025-09-14T09:17:07.557Z",
    "modify_date": null,
    "category": 4,
    "view_count": 0,
    "accepted_answer": null,
    "attachment": "",
    "voter": [],
    "tags": []
  }
},
{
  "model": "pybo.question",
  "pk": 111,
  "fields": {
    "author": 1,
    "subject": "테스트 데이터입니다:[106]",
    "content": "내용무",
    "create_date": "2025-09-14T09:17:07.560Z",
    "modify_date": null,
    "category": 4,
    "view_count": 0,
    "accepted_answer": null,
    "attachment": "",
    "voter": [],
    "tags": []
  }
},
{
  "model": "pybo.question",
  "pk": 112,
  "fields": {
    "author": 1,
    "subject": "테스트 데이터입니다:[107]",
    "content": "내용무",
    "create_date": "2025-09-14T09:17:07.564Z",
    "modify_date": null,
    "category": 4,
    "view_count": 0,
    "accepted_answer": null,
    "attachment": "",
    "voter": [],
    "tags": []
  }
},
{
  "model": "pybo.question",
  "pk": 113,
  "fields": {
    "author": 1,
    "subject": "테스트 데이터입니다:[108]",
    "content": "내용무",
    "create_date": "2025-09-14T09:17:07.567Z",
    "modify_date": null,
    "category": 4,
    "view_count": 0,
    "accepted_answer": null,
    "attachment": "",
    "voter": [],
    "tags": []
  }
},
{
  "model": "pybo.question",
  "pk": 114,
  "fields": {
    "author": 1,
    "subject": "테스트 데이터입니다:[109]",
    "content": "내용무",
    "create_date": "2025-09-14T09:17:07.571Z",
    "modify_date": null,
    "category": 4,
    "view_count": 0,
    "accepted_answer": null,
    "attachment": "",
    "voter": [],
    "tags": []
  }
},
{
  "model": "pybo.question",
  "pk": 115,
  "fields": {
    "author": 1,
    "subject": "테스트 데이터입니다:[110]",
    "content": "내용무",
    "create_date": "2025-09-14T09:17:07.574Z",
    "modify_date": null,
    "category": 4,
    "view_count": 0,
    "accepted_answer": null,
    "attachment": "",
    "voter": [],
    "tags": []
  }
},
{
  "model": "pybo.question",
  "pk": 116,
  "fields": {
    "author": 1,
    "subject": "테스트 데이터입니다:[111]",
    "content": "내용무",
    "create_date": "2025-09-14T09:17:07.578Z",
    "modify_date": null,
    "category": 4,
    "view_count": 0,
    "accepted_answer": null,
    "attachment": "",
    "voter": [],
    "tags": []
  }
},
{
  "model": "pybo.question",
  "pk": 117,
  "fields": {
    "author": 1,
    "subject": "테스트 데이터입니다:[112]",
    "content": "내용무",
    "create_date": "2025-09-14T09:17:07.581Z",
    "modify_date": null,
    "category": 4,
    "view_count": 0,
    "accepted_answer": null,
    "attachment": "",
    "voter": [],
    "tags": []
  }
},
{
  "model": "pybo.question",
  "pk": 118,
  "fields": {
    "author": 1,
    "subject": "테스트 데이터입니다:[113]",
    "content": "내용무",
    "create_date": "2025-09-14T09:17:07.585Z",
    "modify_date": null,
    "category": 4,
    "view_count": 0,
    "accepted_answer": null,
    "attachment": "",
    "voter": [],
    "tags": []
  }
},
{
  "model": "pybo.question",
  "pk": 119,
  "fields": {
    "author": 1,
    "subject": "테스트 데이터입니다:[114]",
    "content": "내용무",
    "create_date": "2025-09-14T09:17:07.588Z",
    "modify_date": null,
    "category": 4,
    "view_count": 0,
    "accepted_answer": null,
    "attachment": "",
    "voter": [],
    "tags": []
  }
},
{
  "model": "pybo.question",
  "pk": 120,
  "fields": {
    "author": 1,
    "subject": "테스트 데이터입니다:[115]",
    "content": "내용무",
    "create_date": "2025-09-14T09:17:07.592Z",
    "modify_date": null,
    "category": 4,
    "view_count": 0,
    "accepted_answer": null,
    "attachment": "",
    "voter": [],
    "tags": []
  }
},
{
  "model": "pybo.question",
  "pk": 121,
  "fields": {
    "author": 1,
    "subject": "테스트 데이터입니다:[116]",
    "content": "내용무",
    "create_date": "2025-09-14T09:17:07.595Z",
    "modify_date": null,
    "category": 4,
    "view_count": 0,
    "accepted_answer": null,
    "attachment": "",
    "voter": [],
    "tags": []
  }
},
{
  "model": "pybo.question",
  "pk": 122,
  "fields": {
    "author": 1,
    "subject": "테스트 데이터입니다:[117]",
    "content": "내용무",
    "create_date": "2025-09-14T09:17:07.599Z",
    "modify_date": null,
    "category": 4,
    "view_count": 0,
    "accepted_answer": null,
    "attachment": "",
    "voter": [],
    "tags": []
  }
},
{
  "model": "pybo.question",
  "pk": 123,
  "fields": {
    "author": 1,
    "subject": "테스트 데이터입니다:[118]",
    "content": "내용무",
    "create_date": "2025-09-14T09:17:07.602Z",
    "modify_date": null,
    "category": 4,
    "view_count": 0,
    "accepted_answer": null,
    "attachment": "",
    "voter": [],
    "tags": []
  }
},
{
  "model": "pybo.question",
  "pk": 124,
  "fields": {
    "author": 1,
    "subject": "테스트 데이터입니다:[119]",
    "content": "내용무",
    "create_date": "2025-09-14T09:17:07.606Z",
    "modify_date": null,
    "category": 4,
    "view_count": 0,
    "accepted_answer": null,
    "attachment": "",
    "voter": [],
    "tags": []
  }
},
{
  "model": "pybo.question",
  "pk": 125,
  "fields": {
    "author": 1,
    "subject": "테스트 데이터입니다:[120]",
    "content": "내용무",
    "create_date": "2025-09-14T09:17:07.609Z",
    "modify_date": null,
    "category": 4,
    "view_count": 0,
    "accepted_answer": null,
    "attachment": "",
    "voter": [],
    "tags": []
  }
},
{
  "model": "pybo.question",
  "pk": 126,
  "fields": {
    "author": 1,
    "subject": "테스트 데이터입니다:[121]",
    "content": "내용무",
    "create_date": "2025-09-14T09:17:07.613Z",
    "modify_date": null,
    "category": 4,
    "view_count": 0,
    "accepted_answer": null,
    "attachment": "",
    "voter": [],
    "tags": []
  }
},
{
  "model": "pybo.question",
  "pk": 127,
  "fields": {
    "author": 1,
    "subject": "테스트 데이터입니다:[122]",
    "content": "내용무",
    "create_date": "2025-09-14T09:17:07.616Z",
    "modify_date": null,
    "category": 4,
    "view_count": 0,
    "accepted_answer": null,
    "attachment": "",
    "voter": [],
    "tags": []
  }
},
{
  "model": "pybo.question",
  "pk": 128,
  "fields": {
    "author": 1,
    "subject": "테스트 데이터입니다:[123]",
    "content": "내용무",
    "create_date": "2025-09-14T09:17:07.620Z",
    "modify_date": null,
    "category": 4,
    "view_count": 0,
    "accepted_answer": null,
    "attachment": "",
    "voter": [],
    "tags": []
  }
},
{
  "model": "pybo.question",
  "pk": 129,
  "fields": {
    "author": 1,
    "subject": "테스트 데이터입니다:[124]",
    "content": "내용무",
    "create_date": "2025-09-14T09:17:07.623Z",
    "modify_date": null,
    "category": 4,
    "view_count": 0,
    "accepted_answer": null,
    "attachment": "",
    "voter": [],
    "tags": []
  }
},
{
  "model": "pybo.question",
  "pk": 130,
  "fields": {
    "author": 1,
    "subject": "테스트 데이터입니다:[125]",
    "content": "내용무",
    "create_date": "2025-09-14T09:17:07.628Z",
    "modify_date": null,
    "category": 4,
    "view_count": 0,
    "accepted_answer": null,
    "attachment": "",
    "voter": [],
    "tags": []
  }
},
{
  "model": "pybo.question",
  "pk": 131,
  "fields": {
    "author": 1,
    "subject": "테스트 데이터입니다:[126]",
    "content": "내용무",
    "create_date": "2025-09-14T09:17:07.631Z",
    "modify_date": null,
    "category": 4,
    "view_count": 0,
    "accepted_answer": null,
    "attachment": "",
    "voter": [],
    "tags": []
  }
},
{
  "model": "pybo.question",
  "pk": 132,
  "fields": {
    "author": 1,
    "subject": "테스트 데이터입니다:[127]",
    "content": "내용무",
    "create_date": "2025-09-14T09:17:07.634Z",
    "modify_date": null,
    "category": 4,
    "view_count": 0,
    "accepted_answer": null,
    "attachment": "",
    "voter": [],
    "tags": []
  }
},
{
  "model": "pybo.question",
  "pk": 133,
  "fields": {
    "author": 1,
    "subject": "테스트 데이터입니다:[128]",
    "content": "내용무",
    "create_date": "2025-09-14T09:17:07.638Z",
    "modify_date": null,
    "category": 4,
    "view_count": 0,
    "accepted_answer": null,
    "attachment": "",
    "voter": [],
    "tags": []
  }
},
{
  "model": "pybo.question",
  "pk": 134,
  "fields": {
    "author": 1,
    "subject": "테스트 데이터입니다:[129]",
    "content": "내용무",
    "create_date": "2025-09-14T09:17:07.641Z",
    "modify_date": null,
    "category": 4,
    "view_count": 0,
    "accepted_answer": null,
    "attachment": "",
    "voter": [],
    "tags": []
  }
},
{
  "model": "pybo.question",
  "pk": 135,
  "fields": {
    "author": 1,
    "subject": "테스트 데이터입니다:[130]",
    "content": "내용무",
    "create_date": "2025-09-14T09:17:07.645Z",
    "modify_date": null,
    "category": 4,
    "view_count": 0,
    "accepted_answer": null,
    "attachment": "",
    "voter": [],
    "tags": []
  }
},
{
  "model": "pybo.question",
  "pk": 136,
  "fields": {
    "author": 1,
    "subject": "테스트 데이터입니다:[131]",
    "content": "내용무",
    "create_date": "2025-09-14T09:17:07.649Z",
    "modify_date": null,
    "category": 4,
    "view_count": 0,
    "accepted_answer": null,
    "attachment": "",
    "voter": [],
    "tags": []
  }
},
{
  "model": "pybo.question",
  "pk": 137,
  "fields": {
    "author": 1,
    "subject": "테스트 데이터입니다:[132]",
    "content": "내용무",
    "create_date": "2025-09-14T09:17:07.652Z",
    "modify_date": null,
    "category": 4,
    "view_count": 0,
    "accepted_answer": null,
    "attachment": "",
    "voter": [],
    "tags": []
  }
},
{
  "model": "pybo.question",
  "pk": 138,
  "fields": {
    "author": 1,
    "subject": "테스트 데이터입니다:[133]",
    "content": "내용무",
    "create_date": "2025-09-14T09:17:07.656Z",
    "modify_date": null,
    "category": 4,
    "view_count": 0,
    "accepted_answer": null,
    "attachment": "",
    "voter": [],
    "tags": []
  }
},
{
  "model": "pybo.question",
  "pk": 139,
  "fields": {
    "author": 1,
    "subject": "테스트 데이터입니다:[134]",
    "content": "내용무",
    "create_date": "2025-09-14T09:17:07.659Z",
    "modify_date": null,
    "category": 4,
    "view_count": 0,
    "accepted_answer": null,
    "attachment": "",
    "voter": [],
    "tags": []
  }
},
{
  "model": "pybo.question",
  "pk": 140,
  "fields": {
    "author": 1,
    "subject": "테스트 데이터입니다:[135]",
    "content": "내용무",
    "create_date": "2025-09-14T09:17:07.663Z",
    "modify_date": null,
    "category": 4,
    "view_count": 0,
    "accepted_answer": null,
    "attachment": "",
    "voter": [],
    "tags": []
  }
},
{
  "model": "pybo.question",
  "pk": 141,
  "fields": {
    "author": 1,
    "subject": "테스트 데이터입니다:[136]",
    "content": "내용무",
    "create_date": "2025-09-14T09:17:07.666Z",
    "modify_date": null,
    "category": 4,
    "view_count": 0,
    "accepted_answer": null,
    "attachment": "",
    "voter": [],
    "tags": []
  }
},
{
  "model": "pybo.question",
  "pk": 142,
  "fields": {
    "author": 1,
    "subject": "테스트 데이터입니다:[137]",
    "content": "내용무",
    "create_date": "2025-09-14T09:17:07.669Z",
    "modify_date": null,
    "category": 4,
    "view_count": 0,
    "accepted_answer": null,
    "attachment": "",
    "voter": [],
    "tags": []
  }
},
{
  "model": "pybo.question",
  "pk": 143,
  "fields": {
    "author": 1,
    "subject": "테스트 데이터입니다:[138]",
    "content": "내용무",
    "create_date": "2025-09-14T09:17:07.673Z",
    "modify_date": null,
    "category": 4,
    "view_count": 0,
    "accepted_answer": null,
    "attachment": "",
    "voter": [],
    "tags": []
  }
},
{
  "model": "pybo.question",
  "pk": 144,
  "fields": {
    "author": 1,
    "subject": "테스트 데이터입니다:[139]",
    "content": "내용무",
    "create_date": "2025-09-14T09:17:07.677Z",
    "modify_date": null,
    "category": 4,
    "view_count": 0,
    "accepted_answer": null,
    "attachment": "",
    "voter": [],
    "tags": []
  }
},
{
  "model": "pybo.question",
  "pk": 145,
  "fields": {
    "author": 1,
    "subject": "테스트 데이터입니다:[140]",
    "content": "내용무",
    "create_date": "2025-09-14T09:17:07.681Z",
    "modify_date": null,
    "category": 4,
    "view_count": 0,
    "accepted_answer": null,
    "attachment": "",
    "voter": [],
    "tags": []
  }
},
{
  "model": "pybo.question",
  "pk": 146,
  "fields": {
    "author": 1,
    "subject": "테스트 데이터입니다:[141]",
    "content": "내용무",
    "create_date": "2025-09-14T09:17:07.685Z",
    "modify_date": null,
    "category": 4,
    "view_count": 0,
    "accepted_answer": null,
    "attachment": "",
    "voter": [],
    "tags": []
  }
},
{
  "model": "pybo.question",
  "pk": 147,
  "fields": {
    "author": 1,
    "subject": "테스트 데이터입니다:[142]",
    "content": "내용무",
    "create_date": "2025-09-14T09:17:07.688Z",
    "modify_date": null,
    "category": 4,
    "view_count": 0,
    "accepted_answer": null,
    "attachment": "",
    "voter": [],
    "tags": []
  }
},
{
  "model": "pybo.question",
  "pk": 148,
  "fields": {
    "author": 1,
    "subject": "테스트 데이터입니다:[143]",
    "content": "내용무",
    "create_date": "2025-09-14T09:17:07.693Z",
    "modify_date": null,
    "category": 4,
    "view_count": 0,
    "accepted_answer": null,
    "attachment": "",
    "voter": [],
    "tags": []
  }
},
{
  "model": "pybo.question",
  "pk": 149,
  "fields": {
    "author": 1,
    "subject": "테스트 데이터입니다:[144]",
    "content": "내용무",
    "create_date": "2025-09-14T09:17:07.695Z",
    "modify_date": null,
    "category": 4,
    "view_count": 0,
    "accepted_answer": null,
    "attachment": "",
    "voter": [],
    "tags": []
  }
},
{
  "model": "pybo.question",
  "pk": 150,
  "fields": {
    "author": 1,
    "subject": "테스트 데이터입니다:[145]",
    "content": "내용무",
    "create_date": "2025-09-14T09:17:07.699Z",
    "modify_date": null,
    "category": 4,
    "view_count": 0,
    "accepted_answer": null,
    "attachment": "",
    "voter": [],
    "tags": []
  }
},
{
  "model": "pybo.question",
  "pk": 151,
  "fields": {
    "author": 1,
    "subject": "테스트 데이터입니다:[146]",
    "content": "내용무",
    "create_date": "2025-09-14T09:17:07.702Z",
    "modify_date": null,
    "category": 4,
    "view_count": 0,
    "accepted_answer": null,
    "attachment": "",
    "voter": [],
    "tags": []
  }
},
{
  "model": "pybo.question",
  "pk": 152,
  "fields": {
    "author": 1,
    "subject": "테스트 데이터입니다:[147]",
    "content": "내용무",
    "create_date": "2025-09-14T09:17:07.706Z",
    "modify_date": null,
    "category": 4,
    "view_count": 0,
    "accepted_answer": null,
    "attachment": "",
    "voter": [],
    "tags": []
  }
},
{
  "model": "pybo.question",
  "pk": 153,
  "fields": {
    "author": 1,
    "subject": "테스트 데이터입니다:[148]",
    "content": "내용무",
    "create_date": "2025-09-14T09:17:07.709Z",
    "modify_date": null,
    "category": 4,
    "view_count": 0,
    "accepted_answer": null,
    "attachment": "",
    "voter": [],
    "tags": []
  }
},
{
  "model": "pybo.question",
  "pk": 154,
  "fields": {
    "author": 1,
    "subject": "테스트 데이터입니다:[149]",
    "content": "내용무",
    "create_date": "2025-09-14T09:17:07.713Z",
    "modify_date": null,
    "category": 4,
    "view_count": 0,
    "accepted_answer": null,
    "attachment": "",
    "voter": [],
    "tags": []
  }
},
{
  "model": "pybo.question",
  "pk": 155,
  "fields": {
    "author": 1,
    "subject": "테스트 데이터입니다:[150]",
    "content": "내용무",
    "create_date": "2025-09-14T09:17:07.716Z",
    "modify_date": null,
    "category": 4,
    "view_count": 0,
    "accepted_answer": null,
    "attachment": "",
    "voter": [],
    "tags": []
  }
},
{
  "model": "pybo.question",
  "pk": 156,
  "fields": {
    "author": 1,
    "subject": "테스트 데이터입니다:[151]",
    "content": "내용무",
    "create_date": "2025-09-14T09:17:07.720Z",
    "modify_date": null,
    "category": 4,
    "view_count": 0,
    "accepted_answer": null,
    "attachment": "",
    "voter": [],
    "tags": []
  }
},
{
  "model": "pybo.question",
  "pk": 157,
  "fields": {
    "author": 1,
    "subject": "테스트 데이터입니다:[152]",
    "content": "내용무",
    "create_date": "2025-09-14T09:17:07.723Z",
    "modify_date": null,
    "category": 4,
    "view_count": 0,
    "accepted_answer": null,
    "attachment": "",
    "voter": [],
    "tags": []
  }
},
{
  "model": "pybo.question",
  "pk": 158,
  "fields": {
    "author": 1,
    "subject": "테스트 데이터입니다:[153]",
    "content": "내용무",
    "create_date": "2025-09-14T09:17:07.728Z",
    "modify_date": null,
    "category": 4,
    "view_count": 0,
    "accepted_answer": null,
    "attachment": "",
    "voter": [],
    "tags": []
  }
},
{
  "model": "pybo.question",
  "pk": 159,
  "fields": {
    "author": 1,
    "subject": "테스트 데이터입니다:[154]",
    "content": "내용무",
    "create_date": "2025-09-14T09:17:07.731Z",
    "modify_date": null,
    "category": 4,
    "view_count": 0,
    "accepted_answer": null,
    "attachment": "",
    "voter": [],
    "tags": []
  }
},
{
  "model": "pybo.question",
  "pk": 160,
  "fields": {
    "author": 1,
    "subject": "테스트 데이터입니다:[155]",
    "content": "내용무",
    "create_date": "2025-09-14T09:17:07.735Z",
    "modify_date": null,
    "category": 4,
    "view_count": 0,
    "accepted_answer": null,
    "attachment": "",
    "voter": [],
    "tags": []
  }
},
{
  "model": "pybo.question",
  "pk": 161,
  "fields": {
    "author": 1,
    "subject": "테스트 데이터입니다:[156]",
    "content": "내용무",
    "create_date": "2025-09-14T09:17:07.739Z",
    "modify_date": null,
    "category": 4,
    "view_count": 0,
    "accepted_answer": null,
    "attachment": "",
    "voter": [],
    "tags": []
  }
},
{
  "model": "pybo.question",
  "pk": 162,
  "fields": {
    "author": 1,
    "subject": "테스트 데이터입니다:[157]",
    "content": "내용무",
    "create_date": "2025-09-14T09:17:07.741Z",
    "modify_date": null,
    "category": 4,
    "view_count": 0,
    "accepted_answer": null,
    "attachment": "",
    "voter": [],
    "tags": []
  }
},
{
  "model": "pybo.question",
  "pk": 163,
  "fields": {
    "author": 1,
    "subject": "테스트 데이터입니다:[158]",
    "content": "내용무",
    "create_date": "2025-09-14T09:17:07.745Z",
    "modify_date": null,
    "category": 4,
    "view_count": 0,
    "accepted_answer": null,
    "attachment": "",
    "voter": [],
    "tags": []
  }
},
{
  "model": "pybo.question",
  "pk": 164,
  "fields": {
    "author": 1,
    "subject": "테스트 데이터입니다:[159]",
    "content": "내용무",
    "create_date": "2025-09-14T09:17:07.749Z",
    "modify_date": null,
    "category": 4,
    "view_count": 0,
    "accepted_answer": null,
    "attachment": "",
    "voter": [],
    "tags": []
  }
},
{
  "model": "pybo.question",
  "pk": 165,
  "fields": {
    "author": 1,
    "subject": "테스트 데이터입니다:[160]",
    "content": "내용무",
    "create_date": "2025-09-14T09:17:07.752Z",
    "modify_date": null,
    "category": 4,
    "view_count": 0,
    "accepted_answer": null,
    "attachment": "",
    "voter": [],
    "tags": []
  }
},
{
  "model": "pybo.question",
  "pk": 166,
  "fields": {
    "author": 1,
    "subject": "테스트 데이터입니다:[161]",
    "content": "내용무",
    "create_date": "2025-09-14T09:17:07.755Z",
    "modify_date": null,
    "category": 4,
    "view_count": 0,
    "accepted_answer": null,
    "attachment": "",
    "voter": [],
    "tags": []
  }
},
{
  "model": "pybo.question",
  "pk": 167,
  "fields": {
    "author": 1,
    "subject": "테스트 데이터입니다:[162]",
    "content": "내용무",
    "create_date": "2025-09-14T09:17:07.759Z",
    "modify_date": null,
    "category": 4,
    "view_count": 0,
    "accepted_answer": null,
    "attachment": "",
    "voter": [],
    "tags": []
  }
},
{
  "model": "pybo.question",
  "pk": 168,
  "fields": {
    "author": 1,
    "subject": "테스트 데이터입니다:[163]",
    "content": "내용무",
    "create_date": "2025-09-14T09:17:07.763Z",
    "modify_date": null,
    "category": 4,
    "view_count": 0,
    "accepted_answer": null,
    "attachment": "",
    "voter": [],
    "tags": []
  }
},
{
  "model": "pybo.question",
  "pk": 169,
  "fields": {
    "author": 1,
    "subject": "테스트 데이터입니다:[164]",
    "content": "내용무",
    "create_date": "2025-09-14T09:17:07.766Z",
    "modify_date": null,
    "category": 4,
    "view_count": 0,
    "accepted_answer": null,
    "attachment": "",
    "voter": [],
    "tags": []
  }
},
{
  "model": "pybo.question",
  "pk": 170,
  "fields": {
    "author": 1,
    "subject": "테스트 데이터입니다:[165]",
    "content": "내용무",
    "create_date": "2025-09-14T09:17:07.769Z",
    "modify_date": null,
    "category": 4,
    "view_count": 0,
    "accepted_answer": null,
    "attachment": "",
    "voter": [],
    "tags": []
  }
},
{
  "model": "pybo.question",
  "pk": 171,
  "fields": {
    "author": 1,
    "subject": "테스트 데이터입니다:[166]",
    "content": "내용무",
    "create_date": "2025-09-14T09:17:07.773Z",
    "modify_date": null,
    "category": 4,
    "view_count": 0,
    "accepted_answer": null,
    "attachment": "",
    "voter": [],
    "tags": []
  }
},
{
  "model": "pybo.question",
  "pk": 172,
  "fields": {
    "author": 1,
    "subject": "테스트 데이터입니다:[167]",
    "content": "내용무",
    "create_date": "2025-09-14T09:17:07.776Z",
    "modify_date": null,
    "category": 4,
    "view_count": 0,
    "accepted_answer": null,
    "attachment": "",
    "voter": [],
    "tags": []
  }
},
{
  "model": "pybo.question",
  "pk": 173,
  "fields": {
    "author": 1,
    "subject": "테스트 데이터입니다:[168]",
    "content": "내용무",
    "create_date": "2025-09-14T09:17:07.781Z",
    "modify_date": null,
    "category": 4,
    "view_count": 0,
    "accepted_answer": null,
    "attachment": "",
    "voter": [],
    "tags": []
  }
},
{
  "model": "pybo.question",
  "pk": 174,
  "fields": {
    "author": 1,
    "subject": "테스트 데이터입니다:[169]",
    "content": "내용무",
    "create_date": "2025-09-14T09:17:07.784Z",
    "modify_date": null,
    "category": 4,
    "view_count": 0,
    "accepted_answer": null,
    "attachment": "",
    "voter": [],
    "tags": []
  }
},
{
  "model": "pybo.question",
  "pk": 175,
  "fields": {
    "author": 1,
    "subject": "테스트 데이터입니다:[170]",
    "content": "내용무",
    "create_date": "2025-09-14T09:17:07.787Z",
    "modify_date": null,
    "category": 4,
    "view_count": 0,
    "accepted_answer": null,
    "attachment": "",
    "voter": [],
    "tags": []
  }
},
{
  "model": "pybo.question",
  "pk": 176,
  "fields": {
    "author": 1,
    "subject": "테스트 데이터입니다:[171]",
    "content": "내용무",
    "create_date": "2025-09-14T09:17:07.791Z",
    "modify_date": null,
    "category": 4,
    "view_count": 0,
    "accepted_answer": null,
    "attachment": "",
    "voter": [],
    "tags": []
  }
},
{
  "model": "pybo.question",
  "pk": 177,
  "fields": {
    "author": 1,
    "subject": "테스트 데이터입니다:[172]",
    "content": "내용무",
    "create_date": "2025-09-14T09:17:07.794Z",
    "modify_date": null,
    "category": 4,
    "view_count": 0,
    "accepted_answer": null,
    "attachment": "",
    "voter": [],
    "tags": []
  }
},
{
  "model": "pybo.question",
  "pk": 178,
  "fields": {
    "author": 1,
    "subject": "테스트 데이터입니다:[173]",
    "content": "내용무",
    "create_date": "2025-09-14T09:17:07.798Z",
    "modify_date": null,
    "category": 4,
    "view_count": 0,
    "accepted_answer": null,
    "attachment": "",
    "voter": [],
    "tags": []
  }
},
{
  "model": "pybo.question",
  "pk": 179,
  "fields": {
    "author": 1,
    "subject": "테스트 데이터입니다:[174]",
    "content": "내용무",
    "create_date": "2025-09-14T09:17:07.801Z",
    "modify_date": null,
    "category": 4,
    "view_count": 0,
    "accepted_answer": null,
    "attachment": "",
    "voter": [],
    "tags": []
  }
},
{
  "model": "pybo.question",
  "pk": 180,
  "fields": {
    "author": 1,
    "subject": "테스트 데이터입니다:[175]",
    "content": "내용무",
    "create_date": "2025-09-14T09:17:07.805Z",
    "modify_date": null,
    "category": 4,
    "view_count": 0,
    "accepted_answer": null,
    "attachment": "",
    "voter": [],
    "tags": []
  }
},
{
  "model": "pybo.question",
  "pk": 181,
  "fields": {
    "author": 1,
    "subject": "테스트 데이터입니다:[176]",
    "content": "내용무",
    "create_date": "2025-09-14T09:17:07.808Z",
    "modify_date": null,
    "category": 4,
    "view_count": 0,
    "accepted_answer": null,
    "attachment": "",
    "voter": [],
    "tags": []
  }
},
{
  "model": "pybo.question",
  "pk": 182,
  "fields": {
    "author": 1,
    "subject": "테스트 데이터입니다:[177]",
    "content": "내용무",
    "create_date": "2025-09-14T09:17:07.812Z",
    "modify_date": null,
    "category": 4,
    "view_count": 0,
    "accepted_answer": null,
    "attachment": "",
    "voter": [],
    "tags": []
  }
},
{
  "model": "pybo.question",
  "pk": 183,
  "fields": {
    "author": 1,
    "subject": "테스트 데이터입니다:[178]",
    "content": "내용무",
    "create_date": "2025-09-14T09:17:07.815Z",
    "modify_date": null,
    "category": 4,
    "view_count": 0,
    "accepted_answer": null,
    "attachment": "",
    "voter": [],
    "tags": []
  }
},
{
  "model": "pybo.question",
  "pk": 184,
  "fields": {
    "author": 1,
    "subject": "테스트 데이터입니다:[179]",
    "content": "내용무",
    "create_date": "2025-09-14T09:17:07.819Z",
    "modify_date": null,
    "category": 4,
    "view_count": 0,
    "accepted_answer": null,
    "attachment": "",
    "voter": [],
    "tags": []
  }
},
{
  "model": "pybo.question",
  "pk": 185,
  "fields": {
    "author": 1,
    "subject": "테스트 데이터입니다:[180]",
    "content": "내용무",
    "create_date": "2025-09-14T09:17:07.822Z",
    "modify_date": null,
    "category": 4,
    "view_count": 0,
    "accepted_answer": null,
    "attachment": "",
    "voter": [],
    "tags": []
  }
},
{
  "model": "pybo.question",
  "pk": 186,
  "fields": {
    "author": 1,
    "subject": "테스트 데이터입니다:[181]",
    "content": "내용무",
    "create_date": "2025-09-14T09:17:07.826Z",
    "modify_date": null,
    "category": 4,
    "view_count": 0,
    "accepted_answer": null,
    "attachment": "",
    "voter": [],
    "tags": []
  }
},
{
  "model": "pybo.question",
  "pk": 187,
  "fields": {
    "author": 1,
    "subject": "테스트 데이터입니다:[182]",
    "content": "내용무",
    "create_date": "2025-09-14T09:17:07.830Z",
    "modify_date": null,
    "category": 4,
    "view_count": 0,
    "accepted_answer": null,
    "attachment": "",
    "voter": [],
    "tags": []
  }
},
{
  "model": "pybo.question",
  "pk": 188,
  "fields": {
    "author": 1,
    "subject": "테스트 데이터입니다:[183]",
    "content": "내용무",
    "create_date": "2025-09-14T09:17:07.833Z",
    "modify_date": null,
    "category": 4,
    "view_count": 0,
    "accepted_answer": null,
    "attachment": "",
    "voter": [],
    "tags": []
  }
},
{
  "model": "pybo.question",
  "pk": 189,
  "fields": {
    "author": 1,
    "subject": "테스트 데이터입니다:[184]",
    "content": "내용무",
    "create_date": "2025-09-14T09:17:07.837Z",
    "modify_date": null,
    "category": 4,
    "view_count": 0,
    "accepted_answer": null,
    "attachment": "",
    "voter": [],
    "tags": []
  }
},
{
  "model": "pybo.question",
  "pk": 190,
  "fields": {
    "author": 1,
    "subject": "테스트 데이터입니다:[185]",
    "content": "내용무",
    "create_date": "2025-09-14T09:17:07.840Z",
    "modify_date": null,
    "category": 4,
    "view_count": 0,
    "accepted_answer": null,
    "attachment": "",
    "voter": [],
    "tags": []
  }
},
{
  "model": "pybo.question",
  "pk": 191,
  "fields": {
    "author": 1,
    "subject": "테스트 데이터입니다:[186]",
    "content": "내용무",
    "create_date": "2025-09-14T09:17:07.844Z",
    "modify_date": null,
    "category": 4,
    "view_count": 0,
    "accepted_answer": null,
    "attachment": "",
    "voter": [],
    "tags": []
  }
},
{
  "model": "pybo.question",
  "pk": 192,
  "fields": {
    "author": 1,
    "subject": "테스트 데이터입니다:[187]",
    "content": "내용무",
    "create_date": "2025-09-14T09:17:07.847Z",
    "modify_date": null,
    "category": 4,
    "view_count": 0,
    "accepted_answer": null,
    "attachment": "",
    "voter": [],
    "tags": []
  }
},
{
  "model": "pybo.question",
  "pk": 193,
  "fields": {
    "author": 1,
    "subject": "테스트 데이터입니다:[188]",
    "content": "내용무",
    "create_date": "2025-09-14T09:17:07.851Z",
    "modify_date": null,
    "category": 4,
    "view_count": 0,
    "accepted_answer": null,
    "attachment": "",
    "voter": [],
    "tags": []
  }
},
{
  "model": "pybo.question",
  "pk": 194,
  "fields": {
    "author": 1,
    "subject": "테스트 데이터입니다:[189]",
    "content": "내용무",
    "create_date": "2025-09-14T09:17:07.855Z",
    "modify_date": null,
    "category": 4,
    "view_count": 0,
    "accepted_answer": null,
    "attachment": "",
    "voter": [],
    "tags": []
  }
},
{
  "model": "pybo.question",
  "pk": 195,
  "fields": {
    "author": 1,
    "subject": "테스트 데이터입니다:[190]",
    "content": "내용무",
    "create_date": "2025-09-14T09:17:07.858Z",
    "modify_date": null,
    "category": 4,
    "view_count": 0,
    "accepted_answer": null,
    "attachment": "",
    "voter": [],
    "tags": []
  }
},
{
  "model": "pybo.question",
  "pk": 196,
  "fields": {
    "author": 1,
    "subject": "테스트 데이터입니다:[191]",
    "content": "내용무",
    "create_date": "2025-09-14T09:17:07.862Z",
    "modify_date": null,
    "category": 4,
    "view_count": 0,
    "accepted_answer": null,
    "attachment": "",
    "voter": [],
    "tags": []
  }
},
{
  "model": "pybo.question",
  "pk": 197,
  "fields": {
    "author": 1,
    "subject": "테스트 데이터입니다:[192]",
    "content": "내용무",
    "create_date": "2025-09-14T09:17:07.866Z",
    "modify_date": null,
    "category": 4,
    "view_count": 0,
    "accepted_answer": null,
    "attachment": "",
    "voter": [],
    "tags": []
  }
},
{
  "model": "pybo.question",
  "pk": 198,
  "fields": {
    "author": 1,
    "subject": "테스트 데이터입니다:[193]",
    "content": "내용무",
    "create_date": "2025-09-14T09:17:07.870Z",
    "modify_date": null,
    "category": 4,
    "view_count": 0,
    "accepted_answer": null,
    "attachment": "",
    "voter": [],
    "tags": []
  }
},
{
  "model": "pybo.question",
  "pk": 199,
  "fields": {
    "author": 1,
    "subject": "테스트 데이터입니다:[194]",
    "content": "내용무",
    "create_date": "2025-09-14T09:17:07.874Z",
    "modify_date": null,
    "category": 4,
    "view_count": 0,
    "accepted_answer": null,
    "attachment": "",
    "voter": [],
    "tags": []
  }
},
{
  "model": "pybo.question",
  "pk": 200,
  "fields": {
    "author": 1,
    "subject": "테스트 데이터입니다:[195]",
    "content": "내용무",
    "create_date": "2025-09-14T09:17:07.877Z",
    "modify_date": null,
    "category": 4,
    "view_count": 0,
    "accepted_answer": null,
    "attachment": "",
    "voter": [],
    "tags": []
  }
},
{
  "model": "pybo.question",
  "pk": 201,
  "fields": {
    "author": 1,
    "subject": "테스트 데이터입니다:[196]",
    "content": "내용무",
    "create_date": "2025-09-14T09:17:07.881Z",
    "modify_date": null,
    "category": 4,
    "view_count": 0,
    "accepted_answer": null,
    "attachment": "",
    "voter": [],
    "tags": []
  }
},
{
  "model": "pybo.question",
  "pk": 202,
  "fields": {
    "author": 1,
    "subject": "테스트 데이터입니다:[197]",
    "content": "내용무",
    "create_date": "2025-09-14T09:17:07.884Z",
    "modify_date": null,
    "category": 4,
    "view_count": 0,
    "accepted_answer": null,
    "attachment": "",
    "voter": [],
    "tags": []
  }
},
{
  "model": "pybo.question",
  "pk": 203,
  "fields": {
    "author": 1,
    "subject": "테스트 데이터입니다:[198]",
    "content": "내용무",
    "create_date": "2025-09-14T09:17:07.889Z",
    "modify_date": null,
    "category": 4,
    "view_count": 0,
    "accepted_answer": null,
    "attachment": "",
    "voter": [],
    "tags": []
  }
},
{
  "model": "pybo.question",
  "pk": 204,
  "fields": {
    "author": 1,
    "subject": "테스트 데이터입니다:[199]",
    "content": "내용무",
    "create_date": "2025-09-14T09:17:07.892Z",
    "modify_date": null,
    "category": 4,
    "view_count": 0,
    "accepted_answer": null,
    "attachment": "",
    "voter": [],
    "tags": []
  }
},
{
  "model": "pybo.question",
  "pk": 205,
  "fields": {
    "author": 1,
    "subject": "테스트 데이터입니다:[200]",
    "content": "내용무",
    "create_date": "2025-09-14T09:17:07.895Z",
    "modify_date": null,
    "category": 4,
    "view_count": 0,
    "accepted_answer": null,
    "attachment": "",
    "voter": [],
    "tags": []
  }
},
{
  "model": "pybo.question",
  "pk": 206,
  "fields": {
    "author": 1,
    "subject": "테스트 데이터입니다:[201]",
    "content": "내용무",
    "create_date": "2025-09-14T09:17:07.899Z",
    "modify_date": null,
    "category": 4,
    "view_count": 0,
    "accepted_answer": null,
    "attachment": "",
    "voter": [],
    "tags": []
  }
},
{
  "model": "pybo.question",
  "pk": 207,
  "fields": {
    "author": 1,
    "subject": "테스트 데이터입니다:[202]",
    "content": "내용무",
    "create_date": "2025-09-14T09:17:07.902Z",
    "modify_date": null,
    "category": 4,
    "view_count": 0,
    "accepted_answer": null,
    "attachment": "",
    "voter": [],
    "tags": []
  }
},
{
  "model": "pybo.question",
  "pk": 208,
  "fields": {
    "author": 1,
    "subject": "테스트 데이터입니다:[203]",
    "content": "내용무",
    "create_date": "2025-09-14T09:17:07.906Z",
    "modify_date": null,
    "category": 4,
    "view_count": 0,
    "accepted_answer": null,
    "attachment": "",
    "voter": [],
    "tags": []
  }
},
{
  "model": "pybo.question",
  "pk": 209,
  "fields": {
    "author": 1,
    "subject": "테스트 데이터입니다:[204]",
    "content": "내용무",
    "create_date": "2025-09-14T09:17:07.909Z",
    "modify_date": null,
    "category": 4,
    "view_count": 0,
    "accepted_answer": null,
    "attachment": "",
    "voter": [],
    "tags": []
  }
},
{
  "model": "pybo.question",
  "pk": 210,
  "fields": {
    "author": 1,
    "subject": "테스트 데이터입니다:[205]",
    "content": "내용무",
    "create_date": "2025-09-14T09:17:07.913Z",
    "modify_date": null,
    "category": 4,
    "view_count": 0,
    "accepted_answer": null,
    "attachment": "",
    "voter": [],
    "tags": []
  }
},
{
  "model": "pybo.question",
  "pk": 211,
  "fields": {
    "author": 1,
    "subject": "테스트 데이터입니다:[206]",
    "content": "내용무",
    "create_date": "2025-09-14T09:17:07.917Z",
    "modify_date": null,
    "category": 4,
    "view_count": 0,
    "accepted_answer": null,
    "attachment": "",
    "voter": [],
    "tags": []
  }
},
{
  "model": "pybo.question",
  "pk": 212,
  "fields": {
    "author": 1,
    "subject": "테스트 데이터입니다:[207]",
    "content": "내용무",
    "create_date": "2025-09-14T09:17:07.920Z",
    "modify_date": null,
    "category": 4,
    "view_count": 0,
    "accepted_answer": null,
    "attachment": "",
    "voter": [],
    "tags": []
  }
},
{
  "model": "pybo.question",
  "pk": 213,
  "fields": {
    "author": 1,
    "subject": "테스트 데이터입니다:[208]",
    "content": "내용무",
    "create_date": "2025-09-14T09:17:07.924Z",
    "modify_date": null,
    "category": 4,
    "view_count": 0,
    "accepted_answer": null,
    "attachment": "",
    "voter": [],
    "tags": []
  }
},
{
  "model": "pybo.question",
  "pk": 214,
  "fields": {
    "author": 1,
    "subject": "테스트 데이터입니다:[209]",
    "content": "내용무",
    "create_date": "2025-09-14T09:17:07.928Z",
    "modify_date": null,
    "category": 4,
    "view_count": 0,
    "accepted_answer": null,
    "attachment": "",
    "voter": [],
    "tags": []
  }
},
{
  "model": "pybo.question",
  "pk": 215,
  "fields": {
    "author": 1,
    "subject": "테스트 데이터입니다:[210]",
    "content": "내용무",
    "create_date": "2025-09-14T09:17:07.931Z",
    "modify_date": null,
    "category": 4,
    "view_count": 0,
    "accepted_answer": null,
    "attachment": "",
    "voter": [],
    "tags": []
  }
},
{
  "model": "pybo.question",
  "pk": 216,
  "fields": {
    "author": 1,
    "subject": "테스트 데이터입니다:[211]",
    "content": "내용무",
    "create_date": "2025-09-14T09:17:07.935Z",
    "modify_date": null,
    "category": 4,
    "view_count": 0,
    "accepted_answer": null,
    "attachment": "",
    "voter": [],
    "tags": []
  }
},
{
  "model": "pybo.question",
  "pk": 217,
  "fields": {
    "author": 1,
    "subject": "테스트 데이터입니다:[212]",
    "content": "내용무",
    "create_date": "2025-09-14T09:17:07.938Z",
    "modify_date": null,
    "category": 4,
    "view_count": 0,
    "accepted_answer": null,
    "attachment": "",
    "voter": [],
    "tags": []
  }
},
{
  "model": "pybo.question",
  "pk": 218,
  "fields": {
    "author": 1,
    "subject": "테스트 데이터입니다:[213]",
    "content": "내용무",
    "create_date": "2025-09-14T09:17:07.942Z",
    "modify_date": null,
    "category": 4,
    "view_count": 0,
    "accepted_answer": null,
    "attachment": "",
    "voter": [],
    "tags": []
  }
},
{
  "model": "pybo.question",
  "pk": 219,
  "fields": {
    "author": 1,
    "subject": "테스트 데이터입니다:[214]",
    "content": "내용무",
    "create_date": "2025-09-14T09:17:07.945Z",
    "modify_date": null,
    "category": 4,
    "view_count": 0,
    "accepted_answer": null,
    "attachment": "",
    "voter": [],
    "tags": []
  }
},
{
  "model": "pybo.question",
  "pk": 220,
  "fields": {
    "author": 1,
    "subject": "테스트 데이터입니다:[215]",
    "content": "내용무",
    "create_date": "2025-09-14T09:17:07.949Z",
    "modify_date": null,
    "category": 4,
    "view_count": 0,
    "accepted_answer": null,
    "attachment": "",
    "voter": [],
    "tags": []
  }
},
{
  "model": "pybo.question",
  "pk": 221,
  "fields": {
    "author": 1,
    "subject": "테스트 데이터입니다:[216]",
    "content": "내용무",
    "create_date": "2025-09-14T09:17:07.953Z",
    "modify_date": null,
    "category": 4,
    "view_count": 0,
    "accepted_answer": null,
    "attachment": "",
    "voter": [],
    "tags": []
  }
},
{
  "model": "pybo.question",
  "pk": 222,
  "fields": {
    "author": 1,
    "subject": "테스트 데이터입니다:[217]",
    "content": "내용무",
    "create_date": "2025-09-14T09:17:07.957Z",
    "modify_date": null,
    "category": 4,
    "view_count": 0,
    "accepted_answer": null,
    "attachment": "",
    "voter": [],
    "tags": []
  }
},
{
  "model": "pybo.question",
  "pk": 223,
  "fields": {
    "author": 1,
    "subject": "테스트 데이터입니다:[218]",
    "content": "내용무",
    "create_date": "2025-09-14T09:17:07.960Z",
    "modify_date": null,
    "category": 4,
    "view_count": 0,
    "accepted_answer": null,
    "attachment": "",
    "voter": [],
    "tags": []
  }
},
{
  "model": "pybo.question",
  "pk": 224,
  "fields": {
    "author": 1,
    "subject": "테스트 데이터입니다:[219]",
    "content": "내용무",
    "create_date": "2025-09-14T09:17:07.963Z",
    "modify_date": null,
    "category": 4,
    "view_count": 0,
    "accepted_answer": null,
    "attachment": "",
    "voter": [],
    "tags": []
  }
},
{
  "model": "pybo.question",
  "pk": 225,
  "fields": {
    "author": 1,
    "subject": "테스트 데이터입니다:[220]",
    "content": "내용무",
    "create_date": "2025-09-14T09:17:07.967Z",
    "modify_date": null,
    "category": 4,
    "view_count": 0,
    "accepted_answer": null,
    "attachment": "",
    "voter": [],
    "tags": []
  }
},
{
  "model": "pybo.question",
  "pk": 226,
  "fields": {
    "author": 1,
    "subject": "테스트 데이터입니다:[221]",
    "content": "내용무",
    "create_date": "2025-09-14T09:17:07.971Z",
    "modify_date": null,
    "category": 4,
    "view_count": 0,
    "accepted_answer": null,
    "attachment": "",
    "voter": [],
    "tags": []
  }
},
{
  "model": "pybo.question",
  "pk": 227,
  "fields": {
    "author": 1,
    "subject": "테스트 데이터입니다:[222]",
    "content": "내용무",
    "create_date": "2025-09-14T09:17:07.976Z",
    "modify_date": null,
    "category": 4,
    "view_count": 0,
    "accepted_answer": null,
    "attachment": "",
    "voter": [],
    "tags": []
  }
},
{
  "model": "pybo.question",
  "pk": 228,
  "fields": {
    "author": 1,
    "subject": "테스트 데이터입니다:[223]",
    "content": "내용무",
    "create_date": "2025-09-14T09:17:07.978Z",
    "modify_date": null,
    "category": 4,
    "view_count": 0,
    "accepted_answer": null,
    "attachment": "",
    "voter": [],
    "tags": []
  }
},
{
  "model": "pybo.question",
  "pk": 229,
  "fields": {
    "author": 1,
    "subject": "테스트 데이터입니다:[224]",
    "content": "내용무",
    "create_date": "2025-09-14T09:17:07.982Z",
    "modify_date": null,
    "category": 4,
    "view_count": 0,
    "accepted_answer": null,
    "attachment": "",
    "voter": [],
    "tags": []
  }
},
{
  "model": "pybo.question",
  "pk": 230,
  "fields": {
    "author": 1,
    "subject": "테스트 데이터입니다:[225]",
    "content": "내용무",
    "create_date": "2025-09-14T09:17:07.985Z",
    "modify_date": null,
    "category": 4,
    "view_count": 0,
    "accepted_answer": null,
    "attachment": "",
    "voter": [],
    "tags": []
  }
},
{
  "model": "pybo.question",
  "pk": 231,
  "fields": {
    "author": 1,
    "subject": "테스트 데이터입니다:[226]",
    "content": "내용무",
    "create_date": "2025-09-14T09:17:07.989Z",
    "modify_date": null,
    "category": 4,
    "view_count": 0,
    "accepted_answer": null,
    "attachment": "",
    "voter": [],
    "tags": []
  }
},
{
  "model": "pybo.question",
  "pk": 232,
  "fields": {
    "author": 1,
    "subject": "테스트 데이터입니다:[227]",
    "content": "내용무",
    "create_date": "2025-09-14T09:17:07.998Z",
    "modify_date": null,
    "category": 4,
    "view_count": 0,
    "accepted_answer": null,
    "attachment": "",
    "voter": [],
    "tags": []
  }
},
{
  "model": "pybo.question",
  "pk": 233,
  "fields": {
    "author": 1,
    "subject": "테스트 데이터입니다:[228]",
    "content": "내용무",
    "create_date": "2025-09-14T09:17:08.001Z",
    "modify_date": null,
    "category": 4,
    "view_count": 0,
    "accepted_answer": null,
    "attachment": "",
    "voter": [],
    "tags": []
  }
},
{
  "model": "pybo.question",
  "pk": 234,
  "fields": {
    "author": 1,
    "subject": "테스트 데이터입니다:[229]",
    "content": "내용무",
    "create_date": "2025-09-14T09:17:08.005Z",
    "modify_date": null,
    "category": 4,
    "view_count": 0,
    "accepted_answer": null,
    "attachment": "",
    "voter": [],
    "tags": []
  }
},
{
  "model": "pybo.question",
  "pk": 235,
  "fields": {
    "author": 1,
    "subject": "테스트 데이터입니다:[230]",
    "content": "내용무",
    "create_date": "2025-09-14T09:17:08.008Z",
    "modify_date": null,
    "category": 4,
    "view_count": 0,
    "accepted_answer": null,
    "attachment": "",
    "voter": [],
    "tags": []
  }
},
{
  "model": "pybo.question",
  "pk": 236,
  "fields": {
    "author": 1,
    "subject": "테스트 데이터입니다:[231]",
    "content": "내용무",
    "create_date": "2025-09-14T09:17:08.012Z",
    "modify_date": null,
    "category": 4,
    "view_count": 0,
    "accepted_answer": null,
    "attachment": "",
    "voter": [],
    "tags": []
  }
},
{
  "model": "pybo.question",
  "pk": 237,
  "fields": {
    "author": 1,
    "subject": "테스트 데이터입니다:[232]",
    "content": "내용무",
    "create_date": "2025-09-14T09:17:08.015Z",
    "modify_date": null,
    "category": 4,
    "view_count": 0,
    "accepted_answer": null,
    "attachment": "",
    "voter": [],
    "tags": []
  }
},
{
  "model": "pybo.question",
  "pk": 238,
  "fields": {
    "author": 1,
    "subject": "테스트 데이터입니다:[233]",
    "content": "내용무",
    "create_date": "2025-09-14T09:17:08.019Z",
    "modify_date": null,
    "category": 4,
    "view_count": 0,
    "accepted_answer": null,
    "attachment": "",
    "voter": [],
    "tags": []
  }
},
{
  "model": "pybo.question",
  "pk": 239,
  "fields": {
    "author": 1,
    "subject": "테스트 데이터입니다:[234]",
    "content": "내용무",
    "create_date": "2025-09-14T09:17:08.022Z",
    "modify_date": null,
    "category": 4,
    "view_count": 0,
    "accepted_answer": null,
    "attachment": "",
    "voter": [],
    "tags": []
  }
},
{
  "model": "pybo.question",
  "pk": 240,
  "fields": {
    "author": 1,
    "subject": "테스트 데이터입니다:[235]",
    "content": "내용무",
    "create_date": "2025-09-14T09:17:08.026Z",
    "modify_date": null,
    "category": 4,
    "view_count": 0,
    "accepted_answer": null,
    "attachment": "",
    "voter": [],
    "tags": []
  }
},
{
  "model": "pybo.question",
  "pk": 241,
  "fields": {
    "author": 1,
    "subject": "테스트 데이터입니다:[236]",
    "content": "내용무",
    "create_date": "2025-09-14T09:17:08.030Z",
    "modify_date": null,
    "category": 4,
    "view_count": 0,
    "accepted_answer": null,
    "attachment": "",
    "voter": [],
    "tags": []
  }
},
{
  "model": "pybo.question",
  "pk": 242,
  "fields": {
    "author": 1,
    "subject": "테스트 데이터입니다:[237]",
    "content": "내용무",
    "create_date": "2025-09-14T09:17:08.033Z",
    "modify_date": null,
    "category": 4,
    "view_count": 0,
    "accepted_answer": null,
    "attachment": "",
    "voter": [],
    "tags": []
  }
},
{
  "model": "pybo.question",
  "pk": 243,
  "fields": {
    "author": 1,
    "subject": "테스트 데이터입니다:[238]",
    "content": "내용무",
    "create_date": "2025-09-14T09:17:08.037Z",
    "modify_date": null,
    "category": 4,
    "view_count": 0,
    "accepted_answer": null,
    "attachment": "",
    "voter": [],
    "tags": []
  }
},
{
  "model": "pybo.question",
  "pk": 244,
  "fields": {
    "author": 1,
    "subject": "테스트 데이터입니다:[239]",
    "content": "내용무",
    "create_date": "2025-09-14T09:17:08.041Z",
    "modify_date": null,
    "category": 4,
    "view_count": 0,
    "accepted_answer": null,
    "attachment": "",
    "voter": [],
    "tags": []
  }
},
{
  "model": "pybo.question",
  "pk": 245,
  "fields": {
    "author": 1,
    "subject": "테스트 데이터입니다:[240]",
    "content": "내용무",
    "create_date": "2025-09-14T09:17:08.044Z",
    "modify_date": null,
    "category": 4,
    "view_count": 0,
    "accepted_answer": null,
    "attachment": "",
    "voter": [],
    "tags": []
  }
},
{
  "model": "pybo.question",
  "pk": 246,
  "fields": {
    "author": 1,
    "subject": "테스트 데이터입니다:[241]",
    "content": "내용무",
    "create_date": "2025-09-14T09:17:08.047Z",
    "modify_date": null,
    "category": 4,
    "view_count": 0,
    "accepted_answer": null,
    "attachment": "",
    "voter": [],
    "tags": []
  }
},
{
  "model": "pybo.question",
  "pk": 247,
  "fields": {
    "author": 1,
    "subject": "테스트 데이터입니다:[242]",
    "content": "내용무",
    "create_date": "2025-09-14T09:17:08.051Z",
    "modify_date": null,
    "category": 4,
    "view_count": 0,
    "accepted_answer": null,
    "attachment": "",
    "voter": [],
    "tags": []
  }
},
{
  "model": "pybo.question",
  "pk": 248,
  "fields": {
    "author": 1,
    "subject": "테스트 데이터입니다:[243]",
    "content": "내용무",
    "create_date": "2025-09-14T09:17:08.055Z",
    "modify_date": null,
    "category": 4,
    "view_count": 0,
    "accepted_answer": null,
    "attachment": "",
    "voter": [],
    "tags": []
  }
},
{
  "model": "pybo.question",
  "pk": 249,
  "fields": {
    "author": 1,
    "subject": "테스트 데이터입니다:[244]",
    "content": "내용무",
    "create_date": "2025-09-14T09:17:08.059Z",
    "modify_date": null,
    "category": 4,
    "view_count": 0,
    "accepted_answer": null,
    "attachment": "",
    "voter": [],
    "tags": []
  }
},
{
  "model": "pybo.question",
  "pk": 250,
  "fields": {
    "author": 1,
    "subject": "테스트 데이터입니다:[245]",
    "content": "내용무",
    "create_date": "2025-09-14T09:17:08.062Z",
    "modify_date": null,
    "category": 4,
    "view_count": 0,
    "accepted_answer": null,
    "attachment": "",
    "voter": [],
    "tags": []
  }
},
{
  "model": "pybo.question",
  "pk": 251,
  "fields": {
    "author": 1,
    "subject": "테스트 데이터입니다:[246]",
    "content": "내용무",
    "create_date": "2025-09-14T09:17:08.066Z",
    "modify_date": null,
    "category": 4,
    "view_count": 0,
    "accepted_answer": null,
    "attachment": "",
    "voter": [],
    "tags": []
  }
},
{
  "model": "pybo.question",
  "pk": 252,
  "fields": {
    "author": 1,
    "subject": "테스트 데이터입니다:[247]",
    "content": "내용무",
    "create_date": "2025-09-14T09:17:08.069Z",
    "modify_date": null,
    "category": 4,
    "view_count": 0,
    "accepted_answer": null,
    "attachment": "",
    "voter": [],
    "tags": []
  }
},
{
  "model": "pybo.question",
  "pk": 253,
  "fields": {
    "author": 1,
    "subject": "테스트 데이터입니다:[248]",
    "content": "내용무",
    "create_date": "2025-09-14T09:17:08.072Z",
    "modify_date": null,
    "category": 4,
    "view_count": 0,
    "accepted_answer": null,
    "attachment": "",
    "voter": [],
    "tags": []
  }
},
{
  "model": "pybo.question",
  "pk": 254,
  "fields": {
    "author": 1,
    "subject": "테스트 데이터입니다:[249]",
    "content": "내용무",
    "create_date": "2025-09-14T09:17:08.076Z",
    "modify_date": null,
    "category": 4,
    "view_count": 0,
    "accepted_answer": null,
    "attachment": "",
    "voter": [],
    "tags": []
  }
},
{
  "model": "pybo.question",
  "pk": 255,
  "fields": {
    "author": 1,
    "subject": "테스트 데이터입니다:[250]",
    "content": "내용무",
    "create_date": "2025-09-14T09:17:08.079Z",
    "modify_date": null,
    "category": 4,
    "view_count": 0,
    "accepted_answer": null,
    "attachment": "",
    "voter": [],
    "tags": []
  }
},
{
  "model": "pybo.question",
  "pk": 256,
  "fields": {
    "author": 1,
    "subject": "테스트 데이터입니다:[251]",
    "content": "내용무",
    "create_date": "2025-09-14T09:17:08.083Z",
    "modify_date": null,
    "category": 4,
    "view_count": 0,
    "accepted_answer": null,
    "attachment": "",
    "voter": [],
    "tags": []
  }
},
{
  "model": "pybo.question",
  "pk": 257,
  "fields": {
    "author": 1,
    "subject": "테스트 데이터입니다:[252]",
    "content": "내용무",
    "create_date": "2025-09-14T09:17:08.087Z",
    "modify_date": null,
    "category": 4,
    "view_count": 0,
    "accepted_answer": null,
    "attachment": "",
    "voter": [],
    "tags": []
  }
},
{
  "model": "pybo.question",
  "pk": 258,
  "fields": {
    "author": 1,
    "subject": "테스트 데이터입니다:[253]",
    "content": "내용무",
    "create_date": "2025-09-14T09:17:08.090Z",
    "modify_date": null,
    "category": 4,
    "view_count": 0,
    "accepted_answer": null,
    "attachment": "",
    "voter": [],
    "tags": []
  }
},
{
  "model": "pybo.question",
  "pk": 259,
  "fields": {
    "author": 1,
    "subject": "테스트 데이터입니다:[254]",
    "content": "내용무",
    "create_date": "2025-09-14T09:17:08.093Z",
    "modify_date": null,
    "category": 4,
    "view_count": 0,
    "accepted_answer": null,
    "attachment": "",
    "voter": [],
    "tags": []
  }
},
{
  "model": "pybo.question",
  "pk": 260,
  "fields": {
    "author": 1,
    "subject": "테스트 데이터입니다:[255]",
    "content": "내용무",
    "create_date": "2025-09-14T09:17:08.097Z",
    "modify_date": null,
    "category": 4,
    "view_count": 0,
    "accepted_answer": null,
    "attachment": "",
    "voter": [],
    "tags": []
  }
},
{
  "model": "pybo.question",
  "pk": 261,
  "fields": {
    "author": 1,
    "subject": "테스트 데이터입니다:[256]",
    "content": "내용무",
    "create_date": "2025-09-14T09:17:08.100Z",
    "modify_date": null,
    "category": 4,
    "view_count": 0,
    "accepted_answer": null,
    "attachment": "",
    "voter": [],
    "tags": []
  }
},
{
  "model": "pybo.question",
  "pk": 262,
  "fields": {
    "author": 1,
    "subject": "테스트 데이터입니다:[257]",
    "content": "내용무",
    "create_date": "2025-09-14T09:17:08.104Z",
    "modify_date": null,
    "category": 4,
    "view_count": 0,
    "accepted_answer": null,
    "attachment": "",
    "voter": [],
    "tags": []
  }
},
{
  "model": "pybo.question",
  "pk": 263,
  "fields": {
    "author": 1,
    "subject": "테스트 데이터입니다:[258]",
    "content": "내용무",
    "create_date": "2025-09-14T09:17:08.107Z",
    "modify_date": null,
    "category": 4,
    "view_count": 0,
    "accepted_answer": null,
    "attachment": "",
    "voter": [],
    "tags": []
  }
},
{
  "model": "pybo.question",
  "pk": 264,
  "fields": {
    "author": 1,
    "subject": "테스트 데이터입니다:[259]",
    "content": "내용무",
    "create_date": "2025-09-14T09:17:08.111Z",
    "modify_date": null,
    "category": 4,
    "view_count": 0,
    "accepted_answer": null,
    "attachment": "",
    "voter": [],
    "tags": []
  }
},
{
  "model": "pybo.question",
  "pk": 265,
  "fields": {
    "author": 1,
    "subject": "테스트 데이터입니다:[260]",
    "content": "내용무",
    "create_date": "2025-09-14T09:17:08.114Z",
    "modify_date": null,
    "category": 4,
    "view_count": 0,
    "accepted_answer": null,
    "attachment": "",
    "voter": [],
    "tags": []
  }
},
{
  "model": "pybo.question",
  "pk": 266,
  "fields": {
    "author": 1,
    "subject": "테스트 데이터입니다:[261]",
    "content": "내용무",
    "create_date": "2025-09-14T09:17:08.118Z",
    "modify_date": null,
    "category": 4,
    "view_count": 0,
    "accepted_answer": null,
    "attachment": "",
    "voter": [],
    "tags": []
  }
},
{
  "model": "pybo.question",
  "pk": 267,
  "fields": {
    "author": 1,
    "subject": "테스트 데이터입니다:[262]",
    "content": "내용무",
    "create_date": "2025-09-14T09:17:08.121Z",
    "modify_date": null,
    "category": 4,
    "view_count": 0,
    "accepted_answer": null,
    "attachment": "",
    "voter": [],
    "tags": []
  }
},
{
  "model": "pybo.question",
  "pk": 268,
  "fields": {
    "author": 1,
    "subject": "테스트 데이터입니다:[263]",
    "content": "내용무",
    "create_date": "2025-09-14T09:17:08.124Z",
    "modify_date": null,
    "category": 4,
    "view_count": 0,
    "accepted_answer": null,
    "attachment": "",
    "voter": [],
    "tags": []
  }
},
{
  "model": "pybo.question",
  "pk": 269,
  "fields": {
    "author": 1,
    "subject": "테스트 데이터입니다:[264]",
    "content": "내용무",
    "create_date": "2025-09-14T09:17:08.128Z",
    "modify_date": null,
    "category": 4,
    "view_count": 0,
    "accepted_answer": null,
    "attachment": "",
    "voter": [],
    "tags": []
  }
},
{
  "model": "pybo.question",
  "pk": 270,
  "fields": {
    "author": 1,
    "subject": "테스트 데이터입니다:[265]",
    "content": "내용무",
    "create_date": "2025-09-14T09:17:08.132Z",
    "modify_date": null,
    "category": 4,
    "view_count": 0,
    "accepted_answer": null,
    "attachment": "",
    "voter": [],
    "tags": []
  }
},
{
  "model": "pybo.question",
  "pk": 271,
  "fields": {
    "author": 1,
    "subject": "테스트 데이터입니다:[266]",
    "content": "내용무",
    "create_date": "2025-09-14T09:17:08.135Z",
    "modify_date": null,
    "category": 4,
    "view_count": 0,
    "accepted_answer": null,
    "attachment": "",
    "voter": [],
    "tags": []
  }
},
{
  "model": "pybo.question",
  "pk": 272,
  "fields": {
    "author": 1,
    "subject": "테스트 데이터입니다:[267]",
    "content": "내용무",
    "create_date": "2025-09-14T09:17:08.139Z",
    "modify_date": null,
    "category": 4,
    "view_count": 0,
    "accepted_answer": null,
    "attachment": "",
    "voter": [],
    "tags": []
  }
},
{
  "model": "pybo.question",
  "pk": 273,
  "fields": {
    "author": 1,
    "subject": "테스트 데이터입니다:[268]",
    "content": "내용무",
    "create_date": "2025-09-14T09:17:08.143Z",
    "modify_date": null,
    "category": 4,
    "view_count": 0,
    "accepted_answer": null,
    "attachment": "",
    "voter": [],
    "tags": []
  }
},
{
  "model": "pybo.question",
  "pk": 274,
  "fields": {
    "author": 1,
    "subject": "테스트 데이터입니다:[269]",
    "content": "내용무",
    "create_date": "2025-09-14T09:17:08.147Z",
    "modify_date": null,
    "category": 4,
    "view_count": 0,
    "accepted_answer": null,
    "attachment": "",
    "voter": [],
    "tags": []
  }
},
{
  "model": "pybo.question",
  "pk": 275,
  "fields": {
    "author": 1,
    "subject": "테스트 데이터입니다:[270]",
    "content": "내용무",
    "create_date": "2025-09-14T09:17:08.150Z",
    "modify_date": null,
    "category": 4,
    "view_count": 0,
    "accepted_answer": null,
    "attachment": "",
    "voter": [],
    "tags": []
  }
},
{
  "model": "pybo.question",
  "pk": 276,
  "fields": {
    "author": 1,
    "subject": "테스트 데이터입니다:[271]",
    "content": "내용무",
    "create_date": "2025-09-14T09:17:08.155Z",
    "modify_date": null,
    "category": 4,
    "view_count": 0,
    "accepted_answer": null,
    "attachment": "",
    "voter": [],
    "tags": []
  }
},
{
  "model": "pybo.question",
  "pk": 277,
  "fields": {
    "author": 1,
    "subject": "테스트 데이터입니다:[272]",
    "content": "내용무",
    "create_date": "2025-09-14T09:17:08.157Z",
    "modify_date": null,
    "category": 4,
    "view_count": 0,
    "accepted_answer": null,
    "attachment": "",
    "voter": [],
    "tags": []
  }
},
{
  "model": "pybo.question",
  "pk": 278,
  "fields": {
    "author": 1,
    "subject": "테스트 데이터입니다:[273]",
    "content": "내용무",
    "create_date": "2025-09-14T09:17:08.161Z",
    "modify_date": null,
    "category": 4,
    "view_count": 0,
    "accepted_answer": null,
    "attachment": "",
    "voter": [],
    "tags": []
  }
},
{
  "model": "pybo.question",
  "pk": 279,
  "fields": {
    "author": 1,
    "subject": "테스트 데이터입니다:[274]",
    "content": "내용무",
    "create_date": "2025-09-14T09:17:08.165Z",
    "modify_date": null,
    "category": 4,
    "view_count": 0,
    "accepted_answer": null,
    "attachment": "",
    "voter": [],
    "tags": []
  }
},
{
  "model": "pybo.question",
  "pk": 280,
  "fields": {
    "author": 1,
    "subject": "테스트 데이터입니다:[275]",
    "content": "내용무",
    "create_date": "2025-09-14T09:17:08.168Z",
    "modify_date": null,
    "category": 4,
    "view_count": 0,
    "accepted_answer": null,
    "attachment": "",
    "voter": [],
    "tags": []
  }
},
{
  "model": "pybo.question",
  "pk": 281,
  "fields": {
    "author": 1,
    "subject": "테스트 데이터입니다:[276]",
    "content": "내용무",
    "create_date": "2025-09-14T09:17:08.171Z",
    "modify_date": null,
    "category": 4,
    "view_count": 0,
    "accepted_answer": null,
    "attachment": "",
    "voter": [],
    "tags": []
  }
},
{
  "model": "pybo.question",
  "pk": 282,
  "fields": {
    "author": 1,
    "subject": "테스트 데이터입니다:[277]",
    "content": "내용무",
    "create_date": "2025-09-14T09:17:08.175Z",
    "modify_date": null,
    "category": 4,
    "view_count": 0,
    "accepted_answer": null,
    "attachment": "",
    "voter": [],
    "tags": []
  }
},
{
  "model": "pybo.question",
  "pk": 283,
  "fields": {
    "author": 1,
    "subject": "테스트 데이터입니다:[278]",
    "content": "내용무",
    "create_date": "2025-09-14T09:17:08.179Z",
    "modify_date": null,
    "category": 4,
    "view_count": 0,
    "accepted_answer": null,
    "attachment": "",
    "voter": [],
    "tags": []
  }
},
{
  "model": "pybo.question",
  "pk": 284,
  "fields": {
    "author": 1,
    "subject": "테스트 데이터입니다:[279]",
    "content": "내용무",
    "create_date": "2025-09-14T09:17:08.182Z",
    "modify_date": null,
    "category": 4,
    "view_count": 0,
    "accepted_answer": null,
    "attachment": "",
    "voter": [],
    "tags": []
  }
},
{
  "model": "pybo.question",
  "pk": 285,
  "fields": {
    "author": 1,
    "subject": "테스트 데이터입니다:[280]",
    "content": "내용무",
    "create_date": "2025-09-14T09:17:08.185Z",
    "modify_date": null,
    "category": 4,
    "view_count": 0,
    "accepted_answer": null,
    "attachment": "",
    "voter": [],
    "tags": []
  }
},
{
  "model": "pybo.question",
  "pk": 286,
  "fields": {
    "author": 1,
    "subject": "테스트 데이터입니다:[281]",
    "content": "내용무",
    "create_date": "2025-09-14T09:17:08.188Z",
    "modify_date": null,
    "category": 4,
    "view_count": 0,
    "accepted_answer": null,
    "attachment": "",
    "voter": [],
    "tags": []
  }
},
{
  "model": "pybo.question",
  "pk": 287,
  "fields": {
    "author": 1,
    "subject": "테스트 데이터입니다:[282]",
    "content": "내용무",
    "create_date": "2025-09-14T09:17:08.192Z",
    "modify_date": null,
    "category": 4,
    "view_count": 0,
    "accepted_answer": null,
    "attachment": "",
    "voter": [],
    "tags": []
  }
},
{
  "model": "pybo.question",
  "pk": 288,
  "fields": {
    "author": 1,
    "subject": "테스트 데이터입니다:[283]",
    "content": "내용무",
    "create_date": "2025-09-14T09:17:08.196Z",
    "modify_date": null,
    "category": 4,
    "view_count": 0,
    "accepted_answer": null,
    "attachment": "",
    "voter": [],
    "tags": []
  }
},
{
  "model": "pybo.question",
  "pk": 289,
  "fields": {
    "author": 1,
    "subject": "테스트 데이터입니다:[284]",
    "content": "내용무",
    "create_date": "2025-09-14T09:17:08.199Z",
    "modify_date": null,
    "category": 4,
    "view_count": 0,
    "accepted_answer": null,
    "attachment": "",
    "voter": [],
    "tags": []
  }
},
{
  "model": "pybo.question",
  "pk": 290,
  "fields": {
    "author": 1,
    "subject": "테스트 데이터입니다:[285]",
    "content": "내용무",
    "create_date": "2025-09-14T09:17:08.203Z",
    "modify_date": null,
    "category": 4,
    "view_count": 0,
    "accepted_answer": null,
    "attachment": "",
    "voter": [],
    "tags": []
  }
},
{
  "model": "pybo.question",
  "pk": 291,
  "fields": {
    "author": 1,
    "subject": "테스트 데이터입니다:[286]",
    "content": "내용무",
    "create_date": "2025-09-14T09:17:08.206Z",
    "modify_date": null,
    "category": 4,
    "view_count": 0,
    "accepted_answer": null,
    "attachment": "",
    "voter": [],
    "tags": []
  }
},
{
  "model": "pybo.question",
  "pk": 292,
  "fields": {
    "author": 1,
    "subject": "테스트 데이터입니다:[287]",
    "content": "내용무",
    "create_date": "2025-09-14T09:17:08.209Z",
    "modify_date": null,
    "category": 4,
    "view_count": 0,
    "accepted_answer": null,
    "attachment": "",
    "voter": [],
    "tags": []
  }
},
{
  "model": "pybo.question",
  "pk": 293,
  "fields": {
    "author": 1,
    "subject": "테스트 데이터입니다:[288]",
    "content": "내용무",
    "create_date": "2025-09-14T09:17:08.213Z",
    "modify_date": null,
    "category": 4,
    "view_count": 0,
    "accepted_answer": null,
    "attachment": "",
    "voter": [],
    "tags": []
  }
},
{
  "model": "pybo.question",
  "pk": 294,
  "fields": {
    "author": 1,
    "subject": "테스트 데이터입니다:[289]",
    "content": "내용무",
    "create_date": "2025-09-14T09:17:08.216Z",
    "modify_date": null,
    "category": 4,
    "view_count": 0,
    "accepted_answer": null,
    "attachment": "",
    "voter": [],
    "tags": []
  }
},
{
  "model": "pybo.question",
  "pk": 295,
  "fields": {
    "author": 1,
    "subject": "테스트 데이터입니다:[290]",
    "content": "내용무",
    "create_date": "2025-09-14T09:17:08.220Z",
    "modify_date": null,
    "category": 4,
    "view_count": 0,
    "accepted_answer": null,
    "attachment": "",
    "voter": [],
    "tags": []
  }
},
{
  "model": "pybo.question",
  "pk": 296,
  "fields": {
    "author": 1,
    "subject": "테스트 데이터입니다:[291]",
    "content": "내용무",
    "create_date": "2025-09-14T09:17:08.224Z",
    "modify_date": null,
    "category": 4,
    "view_count": 0,
    "accepted_answer": null,
    "attachment": "",
    "voter": [],
    "tags": []
  }
},
{
  "model": "pybo.question",
  "pk": 297,
  "fields": {
    "author": 1,
    "subject": "테스트 데이터입니다:[292]",
    "content": "내용무",
    "create_date": "2025-09-14T09:17:08.227Z",
    "modify_date": null,
    "category": 4,
    "view_count": 0,
    "accepted_answer": null,
    "attachment": "",
    "voter": [],
    "tags": []
  }
},
{
  "model": "pybo.question",
  "pk": 298,
  "fields": {
    "author": 1,
    "subject": "테스트 데이터입니다:[293]",
    "content": "내용무",
    "create_date": "2025-09-14T09:17:08.231Z",
    "modify_date": null,
    "category": 4,
    "view_count": 0,
    "accepted_answer": null,
    "attachment": "",
    "voter": [],
    "tags": []
  }
},
{
  "model": "pybo.question",
  "pk": 299,
  "fields": {
    "author": 1,
    "subject": "테스트 데이터입니다:[294]",
    "content": "내용무",
    "create_date": "2025-09-14T09:17:08.234Z",
    "modify_date": null,
    "category": 4,
    "view_count": 0,
    "accepted_answer": null,
    "attachment": "",
    "voter": [],
    "tags": []
  }
},
{
  "model": "pybo.question",
  "pk": 300,
  "fields": {
    "author": 1,
    "subject": "테스트 데이터입니다:[295]",
    "content": "내용무",
    "create_date": "2025-09-14T09:17:08.238Z",
    "modify_date": null,
    "category": 4,
    "view_count": 0,
    "accepted_answer": null,
    "attachment": "",
    "voter": [],
    "tags": []
  }
},
{
  "model": "pybo.question",
  "pk": 301,
  "fields": {
    "author": 1,
    "subject": "테스트 데이터입니다:[296]",
    "content": "내용무",
    "create_date": "2025-09-14T09:17:08.241Z",
    "modify_date": null,
    "category": 4,
    "view_count": 0,
    "accepted_answer": null,
    "attachment": "",
    "voter": [
      6
    ],
    "tags": []
  }
},
{
  "model": "pybo.question",
  "pk": 302,
  "fields": {
    "author": 1,
    "subject": "테스트 데이터입니다:[297]",
    "content": "내용무ㅇ",
    "create_date": "2025-09-14T09:17:08.245Z",
    "modify_date": null,
    "category": 4,
    "view_count": 0,
    "accepted_answer": null,
    "attachment": "",
    "voter": [
      6,
      8
    ],
    "tags": []
  }
},
{
  "model": "pybo.question",
  "pk": 303,
  "fields": {
    "author": 1,
    "subject": "테스트 데이터입니다:[298]",
    "content": "성의 있게 댓글 남기기",
    "create_date": "2025-09-14T09:17:08.249Z",
    "modify_date": "2025-09-19T12:37:07.587Z",
    "category": 4,
    "view_count": 0,
    "accepted_answer": null,
    "attachment": "",
    "voter": [
      6
    ],
    "tags": []
  }
},
{
  "model": "pybo.question",
  "pk": 304,
  "fields": {
    "author": 8,
    "subject": "마크다운 문법 작성",
    "content": "**마크다운 문법으로 작성해 봅니다.**\r\n\r\n* 리스트1\r\n* 리스트2\r\n* 리스트3\r\n\r\n파이썬 홈페이지는 [http://www.python.org](http://www.python.org) 입니다.",
    "create_date": "2025-09-21T10:24:00.202Z",
    "modify_date": null,
    "category": 4,
    "view_count": 1,
    "accepted_answer": null,
    "attachment": "",
    "voter": [],
    "tags": []
  }
},
{
  "model": "pybo.question",
  "pk": 305,
  "fields": {
    "author": 9,
    "subject": "뚜기 질문",
    "content": "뚜기 질문",
    "create_date": "2025-09-21T11:39:01.428Z",
    "modify_date": null,
    "category": 4,
    "view_count": 2,
    "accepted_answer": null,
    "attachment": "",
    "voter": [],
    "tags": []
  }
},
{
  "model": "pybo.question",
  "pk": 306,
  "fields": {
    "author": 10,
    "subject": "자료실입니다",
    "content": "자료실입니다",
    "create_date": "2025-10-31T04:02:44.119Z",
    "modify_date": null,
    "category": 4,
    "view_count": 0,
    "accepted_answer": null,
    "attachment": "",
    "voter": [],
    "tags": []
  }
},
{
  "model": "pybo.question",
  "pk": 307,
  "fields": {
    "author": 10,
    "subject": "자료실질문1",
    "content": "자료실질문1",
    "create_date": "2025-10-31T04:20:11.444Z",
    "modify_date": null,
    "category": 3,
    "view_count": 1,
    "accepted_answer": null,
    "attachment": "",
    "voter": [],
    "tags": []
  }
},
{
  "model": "pybo.question",
  "pk": 308,
  "fields": {
    "author": 10,
    "subject": "자유게시판질문1",
    "content": "자유게시판질문1",
    "create_date": "2025-10-31T04:20:41.830Z",
    "modify_date": null,
    "category": 4,
    "view_count": 0,
    "accepted_answer": null,
    "attachment": "",
    "voter": [],
    "tags": []
  }
},
{
  "model": "pybo.question",
  "pk": 309,
  "fields": {
    "author": 10,
    "subject": "QNA질문1",
    "content": "QNA질문1",
    "create_date": "2025-10-31T04:21:11.044Z",
    "modify_date": null,
    "category": 2,
    "view_count": 4,
    "accepted_answer": null,
    "attachment": "",
    "voter": [],
    "tags": []
  }
},
{
  "model": "pybo.question",
  "pk": 310,
  "fields": {
    "author": 11,
    "subject": "또 해봅시다",
    "content": "**안녕하세요**\r\n\r\n*저는 누구누구 입니다.*\r\n\r\n![](https://)[](https://)",
    "create_date": "2026-03-15T04:32:17.790Z",
    "modify_date": "2026-03-15T04:33:02.626Z",
    "category": 4,
    "view_count": 2,
    "accepted_answer": null,
    "attachment": "",
    "voter": [],
    "tags": []
  }
},
{
  "model": "pybo.question",
  "pk": 311,
  "fields": {
    "author": 11,
    "subject": "테스트",
    "content": "![](/media/editor_images/4704879611c94050ba84da49707f518f.jpg)![](/media/editor_images/b3d3c99f7ce942ebbff209aa78492360.jpg)",
    "create_date": "2026-03-15T04:47:37.385Z",
    "modify_date": null,
    "category": 4,
    "view_count": 0,
    "accepted_answer": null,
    "attachment": "",
    "voter": [],
    "tags": []
  }
},
{
  "model": "pybo.question",
  "pk": 312,
  "fields": {
    "author": 11,
    "subject": "시나리오",
    "content": "각성 혹은 붕괴\r\n​내용: 앤더슨이 바이크의 출력을 극한으로 끌어올리던 순간, 심장이 터질 듯한 고통과 함께 과거의 시각 정보가 뇌리에 내리꽂힙니다. 수만 명의 군대, 하늘을 덮은 함선들, 그리고 크래토 바이크를 타고 선두에서 군대를 지휘하는 자신. 압도적인 기억의 폭주에 앤더슨은 피를 토하며 바이크에서 튕겨 나갑니다. [Scene #3] 절체절명의 위기\r\n​내용: 초고속으로 아스팔트 바닥에 처박힐 위기의 앤더슨. 에이프릴이 세텔라이트를 통해 파워 트레인을 부분 전송하여 바이크를 급선회, 한 손으로 그를 낚아채며 구릅니다. 하지만 그 소음으로 인해 데스 에더의 본대에 발각되고, 골리앗과 중무장한 수십 명의 약탈자에게 완전히 포위당합니다.\r\n\r\n\r\n![](/media/editor_images/a4c4581f6f4a4aa583eb95266336b033.jpg)\r\n\r\n 각성 혹은 붕괴\r\n​내용: 앤더슨이 바이크의 출력을 극한으로 끌어올리던 순간, 심장이 터질 듯한 고통과 함께 과거의 시각 정보가 뇌리에 내리꽂힙니다. 수만 명의 군대, 하늘을 덮은 함선들, 그리고 크래토 바이크를 타고 선두에서 군대를 지휘하는 자신. 압도적인 기억의 폭주에 앤더슨은 피를 토하며 바이크에서 튕겨 나갑니다. [Scene #3] 절체절명의 위기\r\n​내용: 초고속으로 아스팔트 바닥에 처박힐 위기의 앤더슨. 에이프릴이 세텔라이트를 통해 파워 트레인을 부분 전송하여 바이크를 급선회, 한 손으로 그를 낚아채며 구릅니다. 하지만 그 소음으로 인해 데스 에더의 본대에 발각되고, 골리앗과 중무장한 수십 명의 약탈자에게 완전히 포위당합니다.\r\n\r\n\r\n![](/media/editor_images/d9b176dbe7e64901be055de93e0f9ad5.jpg)\r\n\r\n 각성 혹은 붕괴\r\n​내용: 앤더슨이 바이크의 출력을 극한으로 끌어올리던 순간, 심장이 터질 듯한 고통과 함께 과거의 시각 정보가 뇌리에 내리꽂힙니다. 수만 명의 군대, 하늘을 덮은 함선들, 그리고 크래토 바이크를 타고 선두에서 군대를 지휘하는 자신. 압도적인 기억의 폭주에 앤더슨은 피를 토하며 바이크에서 튕겨 나갑니다. [Scene #3] 절체절명의 위기\r\n​내용: 초고속으로 아스팔트 바닥에 처박힐 위기의 앤더슨. 에이프릴이 세텔라이트를 통해 파워 트레인을 부분 전송하여 바이크를 급선회, 한 손으로 그를 낚아채며 구릅니다. 하지만 그 소음으로 인해 데스 에더의 본대에 발각되고, 골리앗과 중무장한 수십 명의 약탈자에게 완전히 포위당합니다.",
    "create_date": "2026-03-15T05:02:44.877Z",
    "modify_date": "2026-03-15T05:10:58.782Z",
    "category": 4,
    "view_count": 4,
    "accepted_answer": null,
    "attachment": "",
    "voter": [],
    "tags": []
  }
},
{
  "model": "pybo.question",
  "pk": 313,
  "fields": {
    "author": 11,
    "subject": "시나리오2",
    "content": "이미지 최대 크기 1000×1000 이내로 제한\r\n\r\n\r\n![](/media/editor_images/2176b9d4e09b409d8950a82b5576373b.jpg)\r\n\r\n\r\n이미지 최대 크기 1000×1000 이내로 제한\r\n\r\n\r\n![](/media/editor_images/78ce62c4d5124483b62019e70320679c.jpg)\r\n\r\n이미지 최대 크기 1000×1000 이내로 제한\r\n\r\n\r\n![](/media/editor_images/f5c717548c784efe87a97f12ea50e65b.jpg)\r\n\r\n이미지 최대 크기 1000×1000 이내로 제한\r\n\r\n\r\n![](/media/editor_images/149920b3f68d42359abc308c0acf6c81.jpg)",
    "create_date": "2026-03-15T05:06:36.819Z",
    "modify_date": "2026-03-15T05:12:20.336Z",
    "category": 4,
    "view_count": 3,
    "accepted_answer": null,
    "attachment": "",
    "voter": [],
    "tags": []
  }
},
{
  "model": "pybo.question",
  "pk": 314,
  "fields": {
    "author": 11,
    "subject": "시나리오6",
    "content": "이미지 최대 크기 1000×1000 이내로 제한",
    "create_date": "2026-03-15T05:12:39.399Z",
    "modify_date": null,
    "category": 4,
    "view_count": 6,
    "accepted_answer": null,
    "attachment": "",
    "voter": [],
    "tags": []
  }
},
{
  "model": "pybo.question",
  "pk": 315,
  "fields": {
    "author": 1,
    "subject": "시나리오",
    "content": "제 7 화 『 멋진 휴가 』\r\n​제 1 편: 은밀한 형벌\r\n\r\n\r\n\r\n​[Scene #1] 심판과 거래\r\n\r\n주요내용: 에이프릴은 헌터 본부로부터 1개월의 아웃랜드 징역형을 선고받는다. 에이프릴은 수송선에서 다른 죄수들과 북미지역인 아이언지부 바깥 아웃랜드으로 수송된다. 노역지에 도착 후 세텔라이트를 반납당한다. 노역 간부장으로부터 노역장에 대한 설명을 듣는다. (노역장에 모인 사람들은 죄수들, 도망 칠 생각말고 일해라 등등) 업무 배정을 받는데 에이프릴은 노역 간부장이 별도로 부른다. 노역 간부장은 말투를 착하게 바꾸더니 에이프릴에게 남부청장 제퍼슨의 메세지를 보여준다. 남부청장 제퍼슨은 정부 고위 관료인 누군가의 압박에 의해 어쩔 수 없이 에이프릴을 징역 처분 내렸다며 대신 자신이 형량을 줄였고 대신, 조사를 의뢰한다. 의뢰 내용은 아웃랜드로 추방당한 사람들의 생존 여부, 채굴광석의 정체 이다. 메세지가 끝나고 노역 간부장은 에이프릴에게 압수했던 세텔라이트를 돌려준다.\r\n장소 : 헌터본부 제3 행정심판소 -> 노역장 -> 노역장 내 별도공간\r\n주요인물 : 에이프릴(남부헌터), 제퍼슨(헌터본부 남부청장), 노역 간부장(이름 미정)\r\n세부 내용:\r\n재판장 1 : 피고인은 헌터들을 선동해서 정부 기관에 총을 들이댔고, 덴버에서는 헌터무기를 이용해 민간인을 잔혹하게 살해했다. 살인죄로 다스려야 한다.\r\n재판장 2 : 엄밀히 말하면 정부 기관이라고 볼 수 없다. 대상인원들은 무르만스크 시 경찰청 '드미트리'가 사적으로 고용한 인부들이었으며, 당시 그들은 민간인들을 불법적으로 감금시키고, 바이러스 균을 감염시키려고 했다. 정부 기관에 총을 들이댔다는 것은 잘못된 표현이다.\r\n재판장 3 : 아직 무르만스크 사건은 판결이 완료되지 않아 그들의 행위가 불법적이었다고 단언할 수 없다. 드미트리는 재판 중 자살하며 사건이 중단되었고 당시 증언에서 과학적 방법에 의해 감염된 민간인들에 대한 대량 존엄사를 진행 중이었다고 말했다.\r\n재판장 2 : 대량 존엄사라니. 말도 안돼는 소리다. 그들이 감염되었다는 증거는 어디에도 없다. 또...\r\n재판장 1 : 자 지금 무르만스크 사건을 심리하는 게 아니다. 그리고 피고인은 덴버에서 '노리스'라는 남자를 헌터 장비를 착용한 상태에서 살해했다. 헌터 법에 따르면 헌터는 어떤 경우에도 민간인을 상대로 헌터 장비를 사용해서는 안된다고 하지 않았냐.\r\n재판장 2 : 당시 노리스라는 사람은 마약을 다루는 범죄자 집단에 연루된 사람으로 피고인이 나서지 않았으면 덴버지역 전체가 마약으로 악화되었을 것이다\r\n재판장 3 : 사건을 심리하는 데 있어서 자꾸 추정을 하는 것은 옳지 못한 태도이다. 살해된 노리스라는 사람이 마약을 다루는 범죄 집단이었다는 것은 재판에서 확정된 사안이 아니다. 죽은 사람에 대해서 멋대로 판정지어서는 곤란하다. 또한 피고인의 영웅놀이에 놀아나게 되면 법을 무시하고 민간인들이 스스로 형벌을 내리게 된다. 그것은 인류가 국가를 넘어 카스트라는 제도를 만든 것에 역행하는 태도이다. 자중해달라. \r\n재판장 1 : 긴 말 할 것 없다. 형법은 1차적으로 식별가능한 사실을 토대로 해석되어야 한다. 상대방이 어찌되었건 피고인이 헌터들을 선동해서 정부 기관에 총을 들이댄 사실과 민간인을 살해한 사실은 변함이 없다. 유죄이며 다만 형량을 정함에 있어서 고려된 사실들이 정상참작 될 수 있을 것이다. 이의 있는가?\r\n재판장 3 : 이의 없습니다.\r\n재판장 2 : ... 이의 없습니다.\r\n재판장 1 : 피고인 에이프릴은 유죄를 선고한다. 다만 행정재판 성격에 따라 형벌은 관할 본부에서 사건을 정상참작해 결정하기로 한다.\r\n\r\n\r\n\r\n![](/media/editor_images/32e02c98a751482aa86b8daf4b992293.jpg)\r\n\r\n\r\n[Scene #2] 잿빛 지옥, 그리고 재회\r\n주요내용: 에이프릴은 죄수들과 채굴장으로 이동한다. 채굴장에서 앤더슨을 만난다.\r\n장소 : 채굴장\r\n주요인물 : 앤더슨, 에이프릴\r\n세부내용 :\r\n다음날, 에이프릴은 죄수들과 채굴장으로 이동한다.\r\n노역 간부장은 신입 죄수들에게 채굴장에 대해 설명한다.\r\n채굴장의 웅장한 깊이와 모습 묘사 (채굴장은 지하 깊숙히 위치해 있으며, 대재앙 시절 지구 깊숙한 곳으로부터 터져나온 폭발로 인해 거대한 구멍이 생겼고 그 거대한 구멍을 따라 지구 깊은 곳에 있던 정체를 알 수 없는 대규모 암석들이 화산 폭발과 함께 끌려 나왔고 상온에서 초록색 빛을 띄는 광석으로 존재함. 채굴장은 거대한 구덩이에 있는 광석 \"크래토\"를 채굴해서 코어에서 지정하는 장소로 옮기는 역할을 담당했다)\r\n채굴장 구덩이는 오래되어 미세한 지진과 진동이 일어 위험한 환경이다.\r\n에이프릴이 죄수들과 이동 중 진동으로 천장에 있던 암석이 떨어지는데 옆에 있던 남자가 대신 막아준다.\r\n에이프릴이 처다보니 왠지 낯이 익은 얼굴이다.\r\n앤더슨은 에이프릴을 보며 \"머리 조심하세요.\" 하며 안전모를 안 쓴 에이프릴을 향해 자신의 안전모를 가리키며 웃고 지나간다.\r\n한바탕 채굴 작업을 묘사한다. 힘들고 괴로운 작업이 계속된다.\r\n노역이 끝나고 다시 에이프릴과 죄수들은 지상으로 퇴근한다.\r\n퇴근길에 에이프릴이 앞에 있는 앤더슨을 잡아 세운다.\r\n에이프릴은 앤더슨에게 \"나 알죠?\" 라고 묻는다.\r\n앤더슨은 놀란 척하다 이내 웃으며 \"남부청에서 제일 실력있는 헌터 에이프릴, 이렇게 답변드리면 될까요?\"라고 말하며 웃는다.\r\n에이프릴은 앤더슨의 놀리는 듯한 태도가 못 마땅해 보이지만, 앤더슨이 지난 전투에서 몇번 자신의 목숨을 구한 것을 알고 있다. (제2화 고븐힐의 연주가, 제5화 자장가 등)\r\n에이프릴은 앤더슨에게 \"이것도 우연의 일치인가요? 아니면 스토커?\"라고 짖궃게 묻는다.\r\n앤더슨은 곰곰히 생각하다 \"보디가드는 어떤가요?\" 라고 되받아치며 웃는다.\r\n에이프릴은 능청스런 앤더슨의 태도에 얄밉다는 표정을 지으며 그를 무시하고 지나간다.\r\n\r\n​제 2 편: 데스 에더(Death Adder)의 습격\r\n\r\n\r\n\r\n​[Scene #1] 피로 물든 수송로\r\n\r\n주요내용: 에이프릴과 앤더슨은 수송 노역을 맡는다. 같이 동행하는 늙은이(이름 미정)로부터 아웃랜드 상황을 듣는다. 수송 도중 광인으로부터 습격을 받으나 에이프릴과 앤더슨이 해치운다. 무사히 저장소로 돌아간다.\r\n장소 : 제 4 노역장에서 저장소(repository) 가는 길\r\n주요인물 : 에이프릴, 앤더슨, 늙은이(이름 미정)\r\n세부내용 :\r\n노역 2주차, 대량의 크래토를 실은 수송선이 저장소로 떠날 준비를 마친다.\r\n노역 간부장 바튼은 에이프릴과 앤더슨에게 호송 장비를 입고 수송선 호송을 맡아달라고 한다. 바튼은 이들에게 밤에 야영장 밖으로 돌아다니지 말것이며 아웃랜드에는 생각보다 다양한 광인들이 있어 정상인지 광인인지 구분하기 힘든 경우도 있으니 조심하라고 말한다\r\n에이프릴과 앤더슨은 신분을 숨긴 채 수송선과 같이 이동한다. 둘은 바이크를 탄다.\r\n대략 저장소까지는 3일 정도가 소요된다.\r\n첫날 저녁 야영장에서 늙은이는 에이프릴에게 음식을 갖다주며 고생이 많다고 한다.\r\n에이프릴은 늙은이에게 몇 년간 노역 생활을 했는지 묻는다.\r\n늙은이는 자신은 이 곳에 15년째 일하고 있다고 말한다. 그는 카스트 지부에서 추방자로 분류되어 이 곳에 오게 되었다. 카스트 지부에서는 매년 인구를 집계해 적정 인구수를 맞추기 위해 몇 년간 일 하지 않는 비노동 인구 중 자신처럼 나이가 많은 사람 또는 장애인 등을 선별해 추방자 군으로 분류했고 몇 주 뒤 정부에서 나온 사람들이 자신을 지부 밖으로 쫓아냈다고 말했다. 아웃랜드에 도착하면 수송선이 임시 쉘터로 자신들을 데려다 주는데 몇일 정도 버틸 수 있는 식량이 있고 잠시 뒤 자신들을 데리러 노역장에서 사람들이 올 것이라고 말하고 가버렸다고 했다. 그런데 막상 몇 일이 지나도 아무도 오지 않았고 사실상 사람들은 넓고 메마른 땅 한 가운데 고립되었다. 그들은 늙고 병들어 있어 밖으로 돌아다니기 힘들었고 그나마 기력이 있던 자신과 몇명의 늙은 남자들이 식량이나 사람을 찾으러 돌아다녔는데 처음 맞닥뜨린 광인 무리들에게 발각되어 같이 간 사람 중 3 명이 죽었고 자신과 귀머거리 남자아이(이름 미정) 만이 겨우 폐도시로 피신하였다. 폐도시에서 먹을 것을 찾아 돌아다녔지만 아무것도 찾을 수 없었고 귀머거리마저 상처가 악회되어 죽었다. 죽기전 엄마가 보고싶다고 말했다. 자신도 지부에 두고 온 딸이 생각났다. 그는 반드시 살아남아야겠다고 생각하고 계속 사람을 찾아 헤매었고 불행하게도 약탈 부대인 '데스 에더'에게 잡혀 노예 생활을 하게 되었다. 데스 에더는 아웃랜드에서 살아 남은 무리 들이었는데 사람을 먹는 잔인한 풍습을 가지고 있었다. 그들은 노역장으로부터 나오는 수송선을 공격해 크래토를 빼돌려 무역상에다 가져다 팔았다. 척박하고 위험한 아웃랜드에서 데스 에더의 생존은 의아했는데 데스 에더의 수장(미정)은 주기적으로 아이언 지부 마크(미정) 가 그려진 운반선을 타고 온 사람과 만남을 가졌다. 자신은 데스 에더들에게 끌려다니며 약탈 후 크래토를 운반하는 역할을 하다가 노역 간부장이 이끈 부대에게 공격당해 같이 있던 데스에더 무리들이 전멸당했고 자신은 노역장으로 끌려와 노역장에서 현재까지 계속 일하게 되었는데 그게 벌써 12년이 다되었다고 한다. \r\n에이프릴은 노역 간부장을 통해 지부로 복귀 시켜주겠다고 말하자 늙은이는 고맙지만 그건 불가능하다고 말했다. 한번 추방자로 분류되면 지부 안으로 들어갈 수 없으며 설령 지부 안에 들어가게 되더라도 감시반들에게 의해 몇 일 안에 잡혀 다시 추방된다고 말했다. 그리고 연좌제가 적용되 딸 가족까지도 추방자로 분류될 수 있다고 말했다. 주머니에 암석을 깍아 만든 돌 인형(뒤에는 딸의 이름이 새겨져 있다)이 있는데 이걸 딸에게 전달해 주면 좋겠다고 말한다. \r\n에이프릴은 늙은이의 말에 심난해 야영장 밖을 서성이는데 멀리서 어린 아이의 소리가 들린다.\r\n에이프릴은 소리 쪽으로 가니 한 아이가 나타나 자신은 약탈자로부터 탈출했다고 하며 먹을 것을 달라고 한다.\r\n에이프릴은 당황한 나머지 아이를 데리고 야영장으로 향하는데 갑자기 나타난 앤더슨이 아이를 발로 차 밀어버린다.\r\n에이프릴은 무슨 짓이냐고 하는데 앤더슨이 아이를 가리키자 아이가 광인으로 변해 섬뜩한 미소를 짓으며 도망간다.\r\n앤더슨은 어린 아이에게 약한 에이프릴에게 조심하라며 웃으며 돌아간다. \r\n다음날 아침 수송선이 출발한다. 조금 지나자 멀리서 광인 무리들이 쫓아온다. 둘은 바이크를 돌려 광인 무리들과 총격전을 벌인다. 잠깐의 총격에 광인들이 대거 도망친다. \r\n늙은이는 둘이 예사롭지 않다고 생각한다.\r\n수송선이 저장소로 도착한다. \r\n저장소의 전경 묘사 (저장소는 거대한 고로가 여러개 있는 제철소 같은 느낌, 검은 연기가 고로 꼭대기에서 뿜어져 나온다.)\r\n경비병들이 지키고 있고 안에 들어가려 하자 일반인은 접근이 제한된다며 저지당한다. 에이프릴은 저장소를 보며 코어는 크래토를 어떻게 사용하는지 궁금해한다.\r\n\r\n\r\n![](/media/editor_images/e678cb360f48420b8448ab4668e5901a.jpg)\r\n\r\n\r\n[Scene #2] 약탈자의 왕, 골리앗\r\n주요내용: 몇일 뒤 에이프릴과 앤더슨은 추가 수송 노역을 맡는다. 수송 도중 데스 에더의 기습을 받는다. 미끼에 걸려 수송선을 통째로 뺏긴다. 추격 도중 앤더슨은 과거의 환영에 사로잡혀 의식을 잃는다. 에이프릴은 앤더슨을 데리고 폐도시로 피신한다.\r\n장소 : 제 4 노역장에서 저장소(repository) 가는 길\r\n주요인물 : 에이프릴, 앤더슨, 다스 에더 부대\r\n세부내용 :\r\n에이프릴은 노역장에서 사람들을 통해 조사를 계속 하지만 특별한 내용을 발견하지 못한다. 간간히 크래토를 스캐닝해 개인 스토리지에 저장해둔다. 에이프릴은 조사에 진전이 없고 앤더슨 또한 노역에 집중하는 것을 보며 지루함을 느낀다.\r\n몇일 뒤 에이프릴과 앤더슨은 추가 수송 노역을 맡는다. \r\n에이프릴은 이번에는 시간을 내서 밖을 좀 더 돌아다녀야겠다고 생각을 한다.\r\n한 참 수송을 하는 중 멀리서 땅이 흔들린다. 폭죽 같은 소리가 들린다.\r\n잠시 뒤 멀리서 차 여러대가 수송선을 향해 다가오기 시작한다.\r\n경비병들은 약탈자 '데스 에더'가 습격했다며 전투 준비를 해야 한다고 말한다. \r\n데스 에더들이 총을 쏘며 공격한다.\r\n에이프릴은 파워 트레인으로 장비를 변경하고 방어하기 시작하지만 숫적으로 열세다.\r\n에이프릴와 앤더슨은 한창 데스 에더와 싸우며 수송선에서 멀어진다. 그 사이 수송선은 습격당해 데스 에더들에 의해 이동된다.\r\n에이프릴과 앤더슨은 도망치는 데스 에더 무리를 쫓아 속력을 내기 시작한다.\r\n거리가 멀어지자 앤더슨은 온 몸에 붉은 기운이 감돌며 이내 속도가 빨라지기 시작한다.\r\n앤더슨이 앞에 있는 데스 에더를 하나씩 제거해 가며 수송선 쪽으로 이동한다.\r\n에이프릴과 데스 에더는 앤더슨의 기지에 놀란다.\r\n앤더슨의 붉은 기운이 점점 강해지더니 갑자기 시야에서 하얀 눈이 펼쳐진 평원 보이며 그곳에서 바이크를 타고 빠르게 이동하는 군대의 모습이 영화 속 장면처럼 짤막하게 시야에 나타났다 사라진다.\r\n앤더슨은 군대가 총을 쏘며 추격을 하며 소리를 지르는 장면을 본다. 낯익은 얼굴들. 그 중 한명이 포격을 하자 포격을 맡은 탱크가 터지고 앤더슨은 기억을 잃고 바이크에서 떨어져 나간다.\r\n에이프릴은 놀라서 바이크를 멈추가 쓰러진 앤더슨 쪽으로 달려간다. 바닥에 머리를 부딪힌 듯 피가 흘러내린다.\r\n에이프릴은 세텔라이트를 통해 급하게 응급치료를 한다.\r\n에이프릴은 세텔라이트를 통해 근처 피신처를 알아봐달라고 하고 에이프릴은 멀어져 가는 다스 에더를 뒤로 한채 폐도시로 향한다.\r\n\r\n​제 3 편: 전설의 환영(幻影)\r\n\r\n​[Scene #1] 죽음의 레이스\r\n\r\n​내용: 에이프릴은 폐도시에서 앤더슨이 회복하기를 기다린다. 노역 중이라 세텔라이트가 외부망과 통신 기능을 사용할 수 없다. 에이플리은 폐도시에서 사라져 버린 옛날 자유시대의 흔적들을 발견한다. 세텔라이트 스캔 기능을 통해 주변에 통조림 저장소를 발견한다. 앤더슨은 의식을 차리고 에이프릴은 그에게 통조림을 준다. 앤더슨은 자신의 의식 속에 강렬하게 박힌 그 장면을 공유한다. 에이프릴은 수송선의 위치를 추적해 놨으니 내일 다시 찾으러 가자고 말한다. 앤더슨은 에이프릴과 같은 바이크를 타고 다스 에더가 임시로 정차하고 있는 장소로 도착한다. 둘은 그곳에서 수송선과 함께 인질로 잡힌 사람들을 본다. 둘은 기름 탱크를 폭발시키고 틈을 타 수송선을 가지고 도망치기로 한다. 기름 탱크를 폭발시키려고 했으나 덫에 걸려 경비병들에게 포위당한다. 둘은 전투 태세에 돌입하며 맞썰 준비를 한다.\r\n​제 4 편: 거짓된 낙원과 진실\r\n\r\n​[Scene #1] 혁명의 총성\r\n\r\n​내용: 뜻 밖에 밖에서 폭음이 울린다. 다스 에더들이 공격을 당한다. 어떤 부대가 다스 에더들을 공격하며 몰아낸다. 혼란한 틈을 타 에이프릴과 앤더슨 또한 가세하여 다스 에더들을 몰아낸다. 전투가 끝나고 이 들이 인질로 잡힌 사람들을 구출한다. 그 중 리더가 에이프릴과 앤더슨에게 찾아간다. 그는 자유해방군 아웃랜드 지역 담당 ooo(이름 미정)이라고 한다. ooo를 통해 자유해방군 쉘터로 이동한다. 쉘터에는 지부로부터 추방당한 많은 사람들이 살아간다. 에이프릴은 그곳에서 자유해방군과 관련된 진실을 듣는다. 에이프릴과 앤더슨은 수송선을 가지고 저장소로 복귀한다. 1개월의 노역이 끝나고 그들은 지부로 복귀한다. 제퍼슨에게 크래토 광석에 대한 스캔 자료를 전달한다. 추방자들에 대해 묻자 보지 못했다고 말하며 나간다. 에이프릴은 코어에 대한 비밀을 스스로 조사해보기로 한다.",
    "create_date": "2026-03-15T06:17:00.281Z",
    "modify_date": null,
    "category": 4,
    "view_count": 5,
    "accepted_answer": null,
    "attachment": "question_attachments/제6화_마약과전쟁.pptx",
    "voter": [
      11
    ],
    "tags": []
  }
},
{
  "model": "pybo.answer",
  "pk": 8,
  "fields": {
    "author": 1,
    "question": 303,
    "content": "답변도 성의 있게 남기기",
    "create_date": "2025-09-18T14:11:18.326Z",
    "modify_date": "2025-09-19T12:37:23.985Z",
    "attachment": "",
    "voter": [
      6
    ]
  }
},
{
  "model": "pybo.answer",
  "pk": 9,
  "fields": {
    "author": 6,
    "question": 303,
    "content": "까꿍",
    "create_date": "2025-09-20T11:27:13.730Z",
    "modify_date": null,
    "attachment": "",
    "voter": []
  }
},
{
  "model": "pybo.answer",
  "pk": 10,
  "fields": {
    "author": 8,
    "question": 303,
    "content": "야호",
    "create_date": "2025-09-20T13:30:34.863Z",
    "modify_date": null,
    "attachment": "",
    "voter": []
  }
},
{
  "model": "pybo.answer",
  "pk": 11,
  "fields": {
    "author": 8,
    "question": 303,
    "content": "호이호이",
    "create_date": "2025-09-20T13:30:47.147Z",
    "modify_date": null,
    "attachment": "",
    "voter": []
  }
},
{
  "model": "pybo.answer",
  "pk": 12,
  "fields": {
    "author": 8,
    "question": 303,
    "content": "둘리",
    "create_date": "2025-09-20T13:36:44.513Z",
    "modify_date": null,
    "attachment": "",
    "voter": []
  }
},
{
  "model": "pybo.answer",
  "pk": 13,
  "fields": {
    "author": 8,
    "question": 304,
    "content": "**마크다운 문법으로 작성해 봅니다.**\r\n\r\n* 리스트1\r\n* 리스트2\r\n* 리스트3\r\n\r\n파이썬 홈페이지는 [http://www.python.org](http://www.python.org) 입니다.",
    "create_date": "2025-09-21T10:27:37.794Z",
    "modify_date": null,
    "attachment": "",
    "voter": []
  }
},
{
  "model": "pybo.answer",
  "pk": 14,
  "fields": {
    "author": 8,
    "question": 304,
    "content": "마크다운 문법으로 작성해 봅니다.\r\n\r\n- 리스트1\r\n- 리스트2\r\n- 리스트3\r\n\r\n파이썬 홈페이지는 http://www.python.org(http://www.python.org) 입니다.",
    "create_date": "2025-09-21T10:28:04.553Z",
    "modify_date": null,
    "attachment": "",
    "voter": []
  }
},
{
  "model": "pybo.answer",
  "pk": 15,
  "fields": {
    "author": 10,
    "question": 307,
    "content": "자료실답글1",
    "create_date": "2025-10-31T04:21:29.682Z",
    "modify_date": null,
    "attachment": "",
    "voter": []
  }
},
{
  "model": "pybo.answer",
  "pk": 16,
  "fields": {
    "author": 11,
    "question": 310,
    "content": "![](https://)",
    "create_date": "2026-03-15T04:34:30.677Z",
    "modify_date": null,
    "attachment": "answer_attachments/제2화_24.광인_삽화1_사건현장.jpg",
    "voter": []
  }
},
{
  "model": "pybo.answer",
  "pk": 17,
  "fields": {
    "author": 11,
    "question": 313,
    "content": "이미지 최대 크기 1000×1000 이내로 제한\r\n\r\n\r\n![](/media/editor_images/39eff37375f44ef88687ec9368978690.jpg)\r\n\r\n\r\n이미지 최대 크기 1000×1000 이내로 제한\r\n\r\n\r\n![](/media/editor_images/b8ec7c80ecf148e9bf90772602d42dc8.jpg)",
    "create_date": "2026-03-15T05:09:37.326Z",
    "modify_date": null,
    "attachment": "",
    "voter": []
  }
},
{
  "model": "pybo.answer",
  "pk": 18,
  "fields": {
    "author": 11,
    "question": 315,
    "content": "내용: 뜻 밖에 밖에서 폭음이 울린다. 다스 에더들이 공격을 당한다. 어떤 부대가 다스 에더들을 공격하며 몰아낸다. 혼란한 틈을 타 에이프릴과 앤더슨 또한 가세하여 다스 에더들을 몰아낸다. 전투가 끝나고 이 들이 인질로 잡힌 사람들을 구출한다. 그 중 리더가 에이프릴과 앤더슨에게 찾아간다. 그는 자유해방군 아웃랜드 지역 담당 ooo(이름 미정)이라고 한다. ooo를 통해 자유해방군 쉘터로 이동한다. 쉘터에는 지부로부터 추방당한 많은 사람들이 살아간다. 에이프릴은 그곳에서 자유해방군과 관련된 진실을 듣는다. 에이프릴과 앤더슨은 수송선을 가지고 저장소로 복귀한다. 1개월의 노역이 끝나고 그들은 지부로 복귀한다. 제퍼슨에게 크래토 광석에 대한 스캔 자료를 전달한다. 추방자들에 대해 묻자 보지 못했다고 말하며 나간다. 에이프릴은 코어에 대한 비밀을 스스로 조사해보기로 한다.\r\n\r\n\r\n![](/media/editor_images/fcb0665ad2134a9cb20d223808ff7199.jpg)",
    "create_date": "2026-03-15T06:18:00.829Z",
    "modify_date": null,
    "attachment": "",
    "voter": []
  }
},
{
  "model": "pybo.comment",
  "pk": 1,
  "fields": {
    "author": 1,
    "content": "댓글 1등",
    "create_date": "2025-09-19T12:34:43.269Z",
    "modify_date": null,
    "question": 303,
    "answer": null
  }
},
{
  "model": "pybo.comment",
  "pk": 2,
  "fields": {
    "author": 1,
    "content": "댓글 2등",
    "create_date": "2025-09-19T12:34:52.763Z",
    "modify_date": "2025-09-19T12:35:02.610Z",
    "question": 303,
    "answer": null
  }
},
{
  "model": "pybo.comment",
  "pk": 3,
  "fields": {
    "author": 6,
    "content": "댓글 3등",
    "create_date": "2025-09-19T12:36:41.382Z",
    "modify_date": null,
    "question": 303,
    "answer": null
  }
},
{
  "model": "pybo.comment",
  "pk": 4,
  "fields": {
    "author": 7,
    "content": "댓글 1등",
    "create_date": "2025-09-20T07:50:33.509Z",
    "modify_date": null,
    "question": null,
    "answer": 8
  }
},
{
  "model": "pybo.comment",
  "pk": 7,
  "fields": {
    "author": 8,
    "content": "댓글작성",
    "create_date": "2025-09-20T13:41:14.317Z",
    "modify_date": null,
    "question": null,
    "answer": 12
  }
},
{
  "model": "pybo.comment",
  "pk": 8,
  "fields": {
    "author": 10,
    "content": "댓글좋아요",
    "create_date": "2025-10-31T04:21:38.799Z",
    "modify_date": null,
    "question": 307,
    "answer": null
  }
},
{
  "model": "pybo.banner",
  "pk": 1,
  "fields": {
    "slot": 1,
    "image": "banners/제2화_13.재즈바_삽화1_클라라.jpg",
    "link_url": "https://novel.naver.com/best/list?novelId=886482",
    "is_active": true
  }
},
{
  "model": "pybo.banner",
  "pk": 2,
  "fields": {
    "slot": 2,
    "image": "banners/제2화_7.동생_삽화1_동생.jpg",
    "link_url": "https://novel.naver.com/best/list?novelId=886482",
    "is_active": true
  }
},
{
  "model": "pybo.banner",
  "pk": 3,
  "fields": {
    "slot": 3,
    "image": "banners/제2화_17.휴식_삽화1_바닷가.jpg",
    "link_url": "https://novel.naver.com/best/list?novelId=886482",
    "is_active": true
  }
},
{
  "model": "pybo.banner",
  "pk": 4,
  "fields": {
    "slot": 4,
    "image": "banners/제2화_19.아르바이트_삽화1_폐기물구덩이.jpg",
    "link_url": "https://novel.naver.com/best/list?novelId=886482",
    "is_active": true
  }
},
{
  "model": "pybo.banner",
  "pk": 5,
  "fields": {
    "slot": 5,
    "image": "banners/제2화_20.그음악_삽화1_대화.jpg",
    "link_url": "https://novel.naver.com/best/list?novelId=886482",
    "is_active": true
  }
},
{
  "model": "pybo.banner",
  "pk": 6,
  "fields": {
    "slot": 6,
    "image": "banners/제2화_22.아버지_삽화2_트럼펫.jpg",
    "link_url": "https://novel.naver.com/best/list?novelId=886482",
    "is_active": true
  }
},
{
  "model": "pybo.banner",
  "pk": 7,
  "fields": {
    "slot": 7,
    "image": "banners/제2화_24.광인_삽화3_환영마스크.jpg",
    "link_url": "https://novel.naver.com/best/list?novelId=886482",
    "is_active": true
  }
},
{
  "model": "pybo.banner",
  "pk": 8,
  "fields": {
    "slot": 8,
    "image": "banners/제2화_24.광인_삽화4_전투종료.jpg",
    "link_url": "https://novel.naver.com/best/list?novelId=886482",
    "is_active": true
  }
},
{
  "model": "auth.user",
  "pk": 1,
  "fields": {
    "password": "pbkdf2_sha256$1000000$h16UygI6634Q4mUlN2LLzq$JtwsfbP09X5wjMfpH8ksbfdAKiwRRo2Vfpe+Ww8e3EI=",
    "last_login": "2026-03-15T06:15:46.678Z",
    "is_superuser": true,
    "username": "admin",
    "first_name": "",
    "last_name": "",
    "email": "admin@mysite.com",
    "is_staff": true,
    "is_active": true,
    "date_joined": "2025-09-13T08:38:37.108Z",
    "groups": [],
    "user_permissions": []
  }
},
{
  "model": "auth.user",
  "pk": 3,
  "fields": {
    "password": "pbkdf2_sha256$216000$mk7fgQaHdxQy$iL7JW4aZWK0JtMM+2v0sQNWJj5vKZm1lVS8ktVQZ3JY=",
    "last_login": "2025-09-17T13:17:19Z",
    "is_superuser": false,
    "username": "seongcheol",
    "first_name": "",
    "last_name": "",
    "email": "seongcheol@aekyung.kr",
    "is_staff": false,
    "is_active": true,
    "date_joined": "2025-09-17T13:17:18Z",
    "groups": [],
    "user_permissions": []
  }
},
{
  "model": "auth.user",
  "pk": 4,
  "fields": {
    "password": "pbkdf2_sha256$216000$Omh3IvK40SOI$iMWA30yDqsWbfYEySP3N01aZin94hj2XHvwSOGIaB7Y=",
    "last_login": "2025-09-17T13:28:43.964Z",
    "is_superuser": false,
    "username": "hi",
    "first_name": "",
    "last_name": "",
    "email": "hi@naver.com",
    "is_staff": false,
    "is_active": true,
    "date_joined": "2025-09-17T13:26:56.443Z",
    "groups": [],
    "user_permissions": []
  }
},
{
  "model": "auth.user",
  "pk": 5,
  "fields": {
    "password": "pbkdf2_sha256$216000$zk0ZbIfmA0aO$5+1dlKhkVPNox/5DX3/JR1aVxO3aItkAJC0otUcoVR0=",
    "last_login": "2025-09-17T13:29:48.115Z",
    "is_superuser": false,
    "username": "frog",
    "first_name": "",
    "last_name": "",
    "email": "frog@naver.com",
    "is_staff": false,
    "is_active": true,
    "date_joined": "2025-09-17T13:29:48.013Z",
    "groups": [],
    "user_permissions": []
  }
},
{
  "model": "auth.user",
  "pk": 6,
  "fields": {
    "password": "pbkdf2_sha256$216000$DKyw0cP6LBUS$UBQo37gkMo/pYs6m1q16wqPQY3qu8ICPBeU01tIa8OU=",
    "last_login": "2025-09-20T11:16:29.249Z",
    "is_superuser": false,
    "username": "user1",
    "first_name": "",
    "last_name": "",
    "email": "user1@naver.com",
    "is_staff": false,
    "is_active": true,
    "date_joined": "2025-09-19T12:36:29.021Z",
    "groups": [],
    "user_permissions": []
  }
},
{
  "model": "auth.user",
  "pk": 7,
  "fields": {
    "password": "pbkdf2_sha256$216000$6YJSDjQNVEKh$18q4lZqeLiF4RpooAY2A7vVQRbbAhDFBvgxtQlX8UHM=",
    "last_login": "2025-09-20T07:50:20.019Z",
    "is_superuser": false,
    "username": "user2",
    "first_name": "",
    "last_name": "",
    "email": "user2@naver.com",
    "is_staff": false,
    "is_active": true,
    "date_joined": "2025-09-20T07:50:19.919Z",
    "groups": [],
    "user_permissions": []
  }
},
{
  "model": "auth.user",
  "pk": 8,
  "fields": {
    "password": "pbkdf2_sha256$1000000$mbSpqGXEQszQjKDSSKO9Z4$QygJcJjMKdW8gwprld5b7P/kIUxOdJQtfjtDw0cwPYk=",
    "last_login": "2025-09-20T11:29:55.995Z",
    "is_superuser": false,
    "username": "user3",
    "first_name": "",
    "last_name": "",
    "email": "user3@naver.com",
    "is_staff": false,
    "is_active": true,
    "date_joined": "2025-09-20T11:11:38.547Z",
    "groups": [],
    "user_permissions": []
  }
},
{
  "model": "auth.user",
  "pk": 9,
  "fields": {
    "password": "pbkdf2_sha256$216000$X38FJFYUI1mS$oKNaQHaEv6VFbZYhCik0PBNNGKGMYfhUYvBIPHLA4nw=",
    "last_login": "2025-09-21T11:38:44.850Z",
    "is_superuser": false,
    "username": "뚜기",
    "first_name": "",
    "last_name": "",
    "email": "ddoogi@naver.com",
    "is_staff": false,
    "is_active": true,
    "date_joined": "2025-09-21T11:38:44.745Z",
    "groups": [],
    "user_permissions": []
  }
},
{
  "model": "auth.user",
  "pk": 10,
  "fields": {
    "password": "pbkdf2_sha256$216000$Qcp5yfMlF6Mc$MwM5dqo93k4LTDduKagEYu2z3yPi1Hr0XUMKNX/u51Q=",
    "last_login": "2025-10-31T04:02:25.685Z",
    "is_superuser": false,
    "username": "wing",
    "first_name": "",
    "last_name": "",
    "email": "wing@naver.com",
    "is_staff": false,
    "is_active": true,
    "date_joined": "2025-10-31T04:02:04.935Z",
    "groups": [],
    "user_permissions": []
  }
},
{
  "model": "auth.user",
  "pk": 11,
  "fields": {
    "password": "!MgToNVvmtbogIk7HFODa0zpKamQNIPtR3dCcsr23",
    "last_login": "2026-03-15T06:17:34.692Z",
    "is_superuser": false,
    "username": "tom",
    "first_name": "Tom",
    "last_name": "",
    "email": "seongcheol0517@gmail.com",
    "is_staff": false,
    "is_active": true,
    "date_joined": "2026-03-15T04:23:32.923Z",
    "groups": [],
    "user_permissions": []
  }
},
{
  "model": "sites.site",
  "pk": 1,
  "fields": {
    "domain": "localhost:8000",
    "name": "localhost"
  }
}
]
